
============================================================
  Midway Pipeline Stream Server (Hardened)
  Listening on http://0.0.0.0:8765
  Run log: C:\Users\Admin\source\repos\midway-pipeline\pipeline_run.log
============================================================

  [Watchdog] started (ntfy -> https://ntfy.sh/midway-f4a5ec27, interval 30s; commands: send !help on the topic)
  [Session] Started new session: pipeline_20260919_094152_234fee0b
  [APILedger] ✓ Internal API ledger reset for new run.
  [DecisionLog] ✓ Reset for new run ().
  [Kernel] Mounted cartridge for project: Midway to Nowhere
  [Kernel] No cartridge config present  using built-in defaults.
  [Kernel] Prompt factories refreshed from cartridge.

======================================================================
  [09:41:53] Phase 1 & 2: Autonomic Workspace Discovery
======================================================================
  [Librarian] Executing programmatic repository indexing...
  [Librarian] Verified active C++ AST symbols: 13
  [Scope Classifier] Mode=NEW_ATTRACTION, target=strongman
  [Context Extractor] Deterministic attraction match (header): 'The Strongman High Striker'
  [Context Extractor] Deterministic cross-cutting: '3. The Dual-Currency Economy & Streak Protocol'
  [Kernel] Cartridge provided scoped context (scope=NEW_ATTRACTION, attraction='strongman', 2257 chars)
  [Kernel] Bridge contract appended to agent context (2388 chars)
  [Adaptive ctx] Input ~1372 tok → KV cache pinned at 32768 (stable allocation, no resize).
  [VRAM Budget] 📊 Loaded 'llama3.1:8b-instruct-q4_K_M' (7.0 GB). Used: 7.0/12.0 GB (58%)

============================================================
  [09:41:53] [START] [Clarification Gate] Calling Ollama (llama3.1:8b-instruct-q4_K_M)...
  [VRAM Guard] num_ctx=32768, user=3197 chars
============================================================
  [Stable ctx] num_ctx=32768 (pinned to model ceiling)

============================================================
  [09:41:53] [START] [Clarification Gate] Calling Ollama (llama3.1:8b-instruct-q4_K_M) [STREAMING]...
============================================================
  [MemGPT] Context store initialised (session=fac86fc07344)
SPECIFICITY: SPECIFIC

1. Strongman Striker Gameplay Refinement — Introduce a new "Sabotaged Mallet" variant where the mallet head breaks off after 3 swings, reducing effectiveness and requiring players to swap it with a replacement found in hidden mini-rooms.
2. Strongman High Striker Modifiers — Add a new modifier called "Unstable Lever" which causes the lever to wobble violently when swung, making it harder for players to achieve precise timing.
3. Strongman Stronger Strikes System — Implement a system where successful hits on the bell at higher difficulty tiers grant bonus Soul Tokens, but with increased randomness in the puck's trajectory and tower gauge shifts.

(Note: These implementation directions are based on existing features and mechanics described in the GDD.)  [Telemetry] Clarification Gate (llama3.1:8b-instruct-q4_K_M)  TTFT: 29.79s | Speed: 7.6 tok/s (453 TPM) | Effective: 3.1 tok/s
  [09:42:44] [END] [Clarification Gate] Execution complete.
  [Clarify Gate] Specificity: SPECIFIC
  [Clarify Gate] ✓ Request is specific — proceeding to blueprint.

  [Lead Producer] Scope is NEW_ATTRACTION — scope gate skipped (blueprint is mandatory for new attractions).
  [Lead Producer] AST index: 10 files indexed (3 large).
  [Blueprint] 🔒 Auto-enforced file constraint: attractions/strongman/strongman.lua
  [Adaptive ctx] Input ~6547 tok → KV cache pinned at 32768 (stable allocation, no resize).
  [System] VRAM Flush: Evicting llama3.1:8b-instruct-q4_K_M from unified memory...
  [VRAM Budget] 📊 Evicted 'llama3.1:8b-instruct-q4_K_M' (7.0 GB). Used: 0.0/12.0 GB
  [VRAM Budget] 📊 Loaded 'qwen3.5:9b' (7.9 GB). Used: 7.9/12.0 GB (66%)

============================================================
  [09:42:45] [START] [Blueprint Generation (round 1)] Calling Ollama (qwen3.5:9b)...
  [VRAM Guard] num_ctx=32768, user=12307 chars
============================================================
  [Stable ctx] num_ctx=32768 (pinned to model ceiling)

============================================================
  [09:42:45] [START] [Blueprint Generation (round 1)] Calling Ollama (qwen3.5:9b) [STREAMING]...
============================================================
  [MemGPT] Context store initialised (session=79105ca0aa34)
- [ ] Task 1: Define module-level constants for Strongman geometry, puck properties, and physics thresholds (mass, radius, tower height) as local tables in the module scope, and preserve the TODO anchor for geometry initialization - attractions/strongman/strongman.lua
- [ ] Task 2: Implement OnLoadStatic to spawn the shared booth geometry and the permanent platform/wall structures using SpawnStaticBox and SpawnStaticCapsule as defined by the architectural invariants - attractions/strongman/strongman.lua
- [ ] Task 3: Implement OnLoad to create the puck object pool via MidwayPhysics.CreatePool, register the MidwayPhysics.OnStep callback for the physics loop, and initialize input bindings for the swing mechanics - attractions/strongman/strongman.lua
- [ ] Task 4: Implement the OnStep logic to handle the mallet swing impulse (ApplyImpulse on a dynamic handle) and the puck launch using AddLinearVelocity, while reading AttractionConstants.modifiers every frame to apply random friction or mass variants to the puck - attractions/strongman/strongman.lua
- [ ] Task 5: Integrate the bell collision detection using a sensor sphere (SpawnSensorSphere) to trigger the win condition and call Engine.AwardTickets(n, label) with Engine.GetStreak() as a multiplier on successful clearance - attractions/strongman/strongman.lua
- [ ] Task 6: Implement the 'The Bell's Curse' modifier logic in OnStep to randomly shift the bell spawn height periodically using SpawnDynamicMesh and track the current bell position in a local table variable - attractions/strongman/strongman.lua
- [ ] Task 7: Implement the 'Cracked Base' wobble mechanic by applying a small random offset to the platform SpawnStaticBox position in OnStep based on a drift counter variable - attractions/strongman/strongman.lua
- [ ] Task 8: Add the 'Rusty Rails' friction system by calling SetFriction on the puck body handle in OnStep, randomized by the current modifier table value, and reset friction after a swing cycle - attractions/strongman/strongman.lua
- [ ] Task 9: Implement the 'Echo Strikes' rhythm tracking by incrementing a round counter variable in OnStep when the player hits a specific sensor, and resetting it on a miss to prevent stacking bonuses - attractions/strongman/strongman.lua
- [ ] Task 10: Implement OnUnload to print diagnostic logs for the Strongman attraction state (pool counts, sensor triggers) and ensure no further physics or economy logic executes after the frame concludes - attractions/strongman/strongman.lua  [Telemetry] Blueprint Generation (round 1) (qwen3.5:9b)  TTFT: 84.97s | Speed: 6.2 tok/s (371 TPM) | Effective: 3.1 tok/s
  [09:45:35] [END] [Blueprint Generation (round 1)] Execution complete.
  [Blueprint Validator] ⚠ Auto-rejecting blueprint  1 structural issue(s):
  - Only 10 task(s) for NEW_ATTRACTION  minimum 11 required (one per scaffold anchor). There are 11 deterministic anchor markers in the scaffold file that must each be filled by exactly one task. Expand the plan to cover every lifecycle phase and gameplay concern.
  [Adaptive ctx] Input ~4770 tok → KV cache pinned at 32768 (stable allocation, no resize).

============================================================
  [09:45:35] [START] [Blueprint Generation (round 1)] Calling Ollama (qwen3.5:9b)...
  [VRAM Guard] num_ctx=32768, user=6976 chars
============================================================
  [Stable ctx] num_ctx=32768 (pinned to model ceiling)

============================================================
  [09:45:35] [START] [Blueprint Generation (round 1)] Calling Ollama (qwen3.5:9b) [STREAMING]...
============================================================
  [MemGPT] Context store initialised (session=ebae79ef245d)
- [ ] Task 1: Define module-level state variables and constant tables for geometry dimensions, puck properties, physics thresholds (mass, radius, tower height), and input bindings for swing mechanics - attractions/strongman/strongman.lua
- [ ] Task 2: Implement OnLoadStatic to spawn the shared booth geometry via SpawnSharedBooth first, followed by permanent platform and wall structures using SpawnStaticBox, SpawnStaticCapsule, and SpawnStaticCylinder as defined by the architectural invariants - attractions/strongman/strongman.lua
- [ ] Task 3: Implement OnLoad to create the dynamic puck object pool via MidwayPhysics.CreatePool, register the MidwayPhysics.OnStep callback for the physics loop, initialize bell sensor using SpawnSensorSphere, and prepare the wobble base anchor for 'Cracked Base' implementation - attractions/strongman/strongman.lua
- [ ] Task 4: Implement the OnStep logic to handle the mallet swing impulse using ApplyImpulse on a dynamic handle, and launch the puck using AddLinearVelocity while reading AttractionConstants.modifiers every frame to apply random friction or mass variants - attractions/strongman/strongman.lua
- [ ] Task 5: Integrate the bell collision detection by checking IsSensorTriggered on the bell sensor handle to trigger the win condition and call Engine.AwardTickets(n, label) with Engine.GetStreak() as a multiplier on successful clearance - attractions/strongman/strongman.lua
- [ ] Task 6: Implement the 'The Bell's Curse' modifier logic in OnStep to randomly shift the bell spawn height periodically using SpawnDynamicMesh and track the current bell position and height in a local table variable - attractions/strongman/strongman.lua
- [ ] Task 7: Implement the 'Cracked Base' wobble mechanic by applying a small random offset to the platform base handle position in OnStep based on a drift counter variable and a timer reset - attractions/strongman/strongman.lua
- [ ] Task 8: Add the 'Rusty Rails' friction system by calling SetFriction on the puck body handle in OnStep, randomized by the current modifier table value, and reset friction after a swing cycle using the round counter - attractions/strongman/strongman.lua
- [ ] Task 9: Implement the 'Echo Strikes' rhythm tracking by incrementing a round counter variable in OnStep when the player hits a specific sensor, and resetting it on a miss to prevent stacking bonuses - attractions/strongman/strongman.lua
- [ ] Task 10: Clean up any temporary sensor triggers or reset swing state flags in OnStep after a swing cycle completes to ensure deterministic behavior for the next attempt - attractions/strongman/strongman.lua
- [ ] Task 11: Implement OnUnload to print diagnostic logs for the Strongman attraction state including pool counts, active sensors, and current modifier streaks, ensuring no further physics or economy logic executes after the frame concludes - attractions/strongman/strongman.lua  [Telemetry] Blueprint Generation (round 1) (qwen3.5:9b)  TTFT: 39.81s | Speed: 6.2 tok/s (371 TPM) | Effective: 4.4 tok/s
  [09:47:52] [END] [Blueprint Generation (round 1)] Execution complete.
  [Lead Producer] Saved to docs/project_blueprint.md.

==================================================
  BLUEPRINT GATE  Review the architectural blueprint
  Location: C:\Users\Admin\source\repos\midway\docs\project_blueprint.md
==================================================

  ┌─ WHAT IS THE BLUEPRINT GATE? ─────────────────────────────────────┐
  │ Before writing any code, the pipeline drew up a plan  the        │
  │ blueprint  describing every task it intends to carry out and      │
  │ which systems it will touch.                                       │
  │                                                                   │
  │ This is your chance to read that plan and catch mistakes BEFORE   │
  │ any code is generated. Open the file shown above, read it, then   │
  │ come back here.                                                   │
  │                                                                   │
  │  Y   plan looks good, start generating code.                    │
  │  n   something is wrong; you will be asked what to fix.         │
  └───────────────────────────────────────────────────────────────────┘
  [Blueprint Gate] Blueprint auto-approved (AUTO_APPROVE_GATES=True).

  [Lead Producer] Auto-feeding first task while preserving block constraints: Define module-level state variables and constant tables for geometry dimensions, puck properties, physics thresholds (mass, radius, tower height), and input bindings for swing mechanics - attractions/strongman/strongman.lua
  [Lead Producer] Continuing to Phase 3...

======================================================================
  [09:47:52] Phase 3: Director - Task Decomposition
======================================================================
  [Director] Skipped — NEW_ATTRACTION blueprint path owns task decomposition (bulk enricher rebuilds the full task list).
  [Blueprint Enricher] Attempt 1/3: sending 11 flat task(s)...
  [Adaptive ctx] Input ~3288 tok → KV cache pinned at 32768 (stable allocation, no resize).
  [System] VRAM Flush: Evicting qwen3.5:9b from unified memory...
  [VRAM Budget] 📊 Evicted 'qwen3.5:9b' (7.9 GB). Used: 0.0/12.0 GB
  [VRAM Budget] 📊 Loaded 'llama3.1:8b-instruct-q4_K_M' (7.0 GB). Used: 7.0/12.0 GB (58%)

============================================================
  [09:47:52] [START] [Blueprint Enricher] Calling Ollama (llama3.1:8b-instruct-q4_K_M)...
  [VRAM Guard] num_ctx=32768, user=6930 chars
============================================================
  [Stable ctx] num_ctx=32768 (pinned to model ceiling)

============================================================
  [09:47:52] [START] [Blueprint Enricher] Calling Ollama (llama3.1:8b-instruct-q4_K_M) [STREAMING]...
============================================================
  [MemGPT] Context store initialised (session=05ae44b24402)
### Task 1: [Lua] - Define module-level state variables and constant tables
DependsOn: None
Inputs: Nil
Outputs: attractions/strongman/strongman.lua
Hooks: OnLoadStatic|OnLoad|OnUnload
File: attractions/strongman/strongman.lua

### Task 2: [Lua] - Implement OnLoadStatic to spawn booth geometry via SpawnSharedBooth and permanent structures using SpawnStaticBox/Capsule/Cylinder
DependsOn: Task 1
Inputs: TASK_1_INSERT_HOOK
Outputs: Nil
Hooks: None
File: attractions/strongman/strongman.lua

### Task 3: [Lua] - Implement OnLoad to create dynamic puck object pool via MidwayPhysics.CreatePool, register MidwayPhysics.OnStep callback, and prepare wobble base anchor for 'Cracked Base' implementation
DependsOn: Task 2
Inputs: TASK_2_INSERT_HOOK
Outputs: Nil
Hooks: None
File: attractions/strongman/strongman.lua

### Task 4: [Lua] - Implement OnStep logic to handle mallet swing impulse using ApplyImpulse and launch puck using AddLinearVelocity while reading AttractionConstants.modifiers every frame for random friction/mass variants
DependsOn: Task 3
Inputs: TASK_3_INSERT_HOOK
Outputs: Nil
Hooks: OnStep
File: attractions/strongman/strongman.lua

### Task 5: [Lua] - Integrate bell collision detection by checking IsSensorTriggered on the bell sensor handle to trigger win condition and call Engine.AwardTickets(n, label) with Engine.GetStreak() as a multiplier on successful clearance
DependsOn: Task 4
Inputs: TASK_4_INSERT_HOOK
Outputs: Nil
Hooks: OnStep
File: attractions/strongman/strongman.lua

### Task 6: [Lua] - Implement 'The Bell's Curse' modifier logic in OnStep to randomly shift bell spawn height periodically using SpawnDynamicMesh and track current bell position/height in local table variable
DependsOn: Task 5
Inputs: TASK_5_INSERT_HOOK
Outputs: Nil
Hooks: OnStep
File: attractions/strongman/strongman.lua

### Task 7: [Lua] - Implement 'Cracked Base' wobble mechanic by applying small random offset to platform base handle position in OnStep based on drift counter variable and timer reset
DependsOn: Task 6
Inputs: TASK_6_INSERT_HOOK
Outputs: Nil
Hooks: OnStep
File: attractions/strongman/strongman.lua

### Task 8: [Lua] - Add 'Rusty Rails' friction system by calling SetFriction on puck body handle in OnStep, randomized by current modifier table value, and reset friction after swing cycle using round counter
DependsOn: Task 7
Inputs: TASK_7_INSERT_HOOK
Outputs: Nil
Hooks: OnStep
File: attractions/strongman/strongman.lua

### Task 9: [Lua] - Implement 'Echo Strikes' rhythm tracking by incrementing round counter variable in OnStep when player hits specific sensor, and resetting it on a miss to prevent stacking bonuses
DependsOn: Task 8
Inputs: TASK_8_INSERT_HOOK
Outputs: Nil
Hooks: OnStep
File: attractions/strongman/strongman.lua

### Task 10: [Lua] - Clean up temporary sensor triggers or reset swing state flags in OnStep after swing cycle completes to ensure deterministic behavior for next attempt
DependsOn: Task 9
Inputs: TASK_9_INSERT_HOOK
Outputs: Nil
Hooks: None
File: attractions/strongman/strongman.lua

### Task 11: [Lua] - Implement OnUnload to print diagnostic logs for Strongman attraction state including pool counts, active sensors, and current modifier streaks
DependsOn: Task 10
Inputs: TASK_10_INSERT_HOOK
Outputs: Nil
Hooks: None
File: attractions/strongman/strongman.lua  [Telemetry] Blueprint Enricher (llama3.1:8b-instruct-q4_K_M)  TTFT: 45.95s | Speed: 5.2 tok/s (311 TPM) | Effective: 4.0 tok/s
  [09:51:20] [END] [Blueprint Enricher] Execution complete.
  [Blueprint Enricher] ✓ Attempt 1: parsed 11 tasks (matches expected 11).
  [Blueprint Enricher] Parsed 11 enriched task(s) with dependency metadata.
  [Blueprint Enricher] Bulk-enriched 11 blueprint task(s) with full DAG metadata  wave sorter will handle dependency ordering in a single pass. All tasks run in one iteration.

============================================================
  [Architect] 🏗 Running pre-decomposition design pass...
============================================================
  [Architect] Extracting structured design (single-turn, native JSON)...
  [Adaptive ctx] Input ~2205 tok → KV cache pinned at 32768 (stable allocation, no resize).
  [System] VRAM Flush: Evicting llama3.1:8b-instruct-q4_K_M from unified memory...
  [VRAM Budget] 📊 Evicted 'llama3.1:8b-instruct-q4_K_M' (7.0 GB). Used: 0.0/12.0 GB
  [VRAM Budget] 📊 Loaded 'qwen3.5:9b' (7.9 GB). Used: 7.9/12.0 GB (66%)

============================================================
  [09:51:20] [START] [Architect Design Pass (structured JSON)] Calling Ollama (qwen3.5:9b)...
  [VRAM Guard] num_ctx=32768, user=4164 chars
============================================================
  [Stable ctx] num_ctx=32768 (pinned to model ceiling)

============================================================
  [09:51:20] [START] [Architect Design Pass (structured JSON)] Calling Ollama (qwen3.5:9b) [STREAMING]...
============================================================
  [MemGPT] Context store initialised (session=357618d7c5e8)
{
  "title": "Strongman Striker",
  "summary": "A rogue-like carnival strength test where the player swings a mallet to launch a puck up a tower with randomized physics modifiers, sabotage mechanics, and variable difficulty.",
  "handles": [
    {
      "name": "mallet",
      "lua_type": "userdata",
      "owner_hint": "dynamic",
      "lifecycle": "global",
      "description": "The swinging player-controlled lever/mallet handled by a dynamic capsule."
    },
    {
      "name": "puck",
      "lua_type": "userdata",
      "owner_hint": "dynamic",
      "lifecycle": "global",
      "description": "The vertical projectile puck spawned and destroyed on track changes."
    },
    {
      "name": "tower_base",
      "lua_type": "userdata",
      "owner_hint": "static",
      "lifecycle": "static",
      "description": "The static foundation for the tower structure."
    },
    {
      "name": "bell_sensor",
      "lua_type": "userdata",
      "owner_hint": "static",
      "lifecycle": "static",
      "description": "Sensor at the top of the tower to detect puck arrival."
    },
    {
      "name": "rail_friction",
      "lua_type": "userdata",
      "owner_hint": "static",
      "lifecycle": "static",
      "description": "Rusty rails acting as static sensor/obstacle with variable friction properties."
    },
    {
      "name": "spring_kinematic",
      "lua_type": "userdata",
      "owner_hint": "kinematic",
      "lifecycle": "kinematic",
      "description": "Counter-weight spring object to manipulate lever rebound physics."
    }
  ],
  "lifecycle_order": [
    "SpawnStaticBox(tower_base, ...)",
    "SpawnSensorBox(rail_friction, ...)",
    "SpawnKinematicBox(spring_kinematic, ...)",
    "SpawnDynamicCapsule(mallet, ...)",
    "SpawnDynamicSphere(puck, ...)"
  ],
  "event_flow": [
    {
      "trigger": "IsActionDown('fire')",
      "action": "ApplyImpulse to mallet handle and SetLinearVelocity to puck based on swing angle and modifiers"
    },
    {
      "trigger": "IsSensorTriggered(bell_sensor)",
      "action": "AwardTickets based on height and streak multiplier, trigger tower gauge shift if applicable"
    },
    {
      "trigger": "PoolCullBelow(rail_friction)",
      "action": "ApplyImpulse to puck to remove old puck and spawn new one at random height (Tower Gauge Shift)"
    }
  ],
  "pool_requirements": {
    "puck_pool": 5
  },
  "economy_hooks": [
    "Engine.AwardTickets",
    "Engine.AwardTokens",
    "Engine.GetStreak"
  ],
  "feature_checklist": [
    "Dual-Currency Economy (Soul Tokens/Tickets)",
    "Streak Protocol (Let It Ride)",
    "Rusty Rails (Variable Friction)",
    "Weighted Puck (Mass/Height tradeoff)",
    "Counter-Weight Springs (Random Tension)",
    "The Bell's Curse (Variable Bell Height)",
    "Cracked Base (Platform Wobble)",
    "Echo Strikes (Rhythm/Progression)",
    "Sabotaged Mallet (Splintering Power)",
    "Shock Plates (Timing Zaps)",
    "Tower Gauge Shift (Random Puck Respawn)"
  ],
  "task_anchors": [
    {
      "task_id": "init_physics",
      "hook": "SpawnStaticBox/SpawnDynamic*",
      "location": "OnLoadStatic/OnLoad"
    },
    {
      "task_id": "mod_state",
      "hook": "Read AttractionConstants/modifiers",
      "location": "OnStep"
    },
    {
      "task_id": "puck_destroy",
      "hook": "DestroyBody",
      "location": "OnStep (Tower Gauge Shift event)"
    },
    {
      "task_id": "economy_award",
      "hook": "Engine.AwardTickets",
      "location": "OnStep (Bell Trigger event)"
    }
  ],
  "module_state_variables": [
    {
      "name": "swing_cooldown",
      "lua_type": "number",
      "initial_value": 0.0,
      "description": "Frame counter for swing recharge or shock plate safety timer",
      "owner_task": "init_physics"
    },
    {
      "name": "current_streak",
      "lua_type": "number",
      "initial_value": 0,
      "description": "Current active streak count for exponential multiplier",
      "owner_task": "economy_award"
    },
    {
      "name": "puck_mass",
      "lua_type": "number",
      "initial_value": 5.0,
      "description": "Current puck mass affected by Weighted Puck modifier",
      "owner_task": "mod_state"
    },
    {
      "name": "spring_tension",
      "lua_type": "number",
      "initial_value": 1.0,
      "description": "Current spring tension value affecting rebound physics",
      "owner_task": "mod_state"
    },
    {
      "name": "bell_height_offset",
      "lua_type": "number",
      "initial_value": 0.0,
      "description": "Vertical offset for The Bell's Curse",
      "owner_task": "mod_state"
    },
    {
      "name": "mallet_integrity",
      "lua_type": "number",
      "initial_value": 1.0,
      "description": "Multiplier for mallet power lost due to Sabotaged Mallet splintering",
      "owner_task": "mod_state"
    }
  ]
}  [Telemetry] Architect Design Pass (structured JSON) (qwen3.5:9b)  TTFT: 46.45s | Speed: 4.9 tok/s (291 TPM) | Effective: 4.0 tok/s
  [09:55:50] [END] [Architect Design Pass (structured JSON)] Execution complete.
  [Architect] ✅ Structured design extracted: 'Strongman Striker' (6 handles, 3 event edges, 11 checklist items, 6 state vars).
  [Architect] ✅ Design doc created (structured): 'Strongman Striker'
             6 handles, 3 event edges, 11 checklist items

======================================================================
  🎨 BLUEPRINT APPROVAL  Review the Architect's design document
======================================================================
## 🎯 Attraction Design: Strongman Striker
A rogue-like carnival strength test where the player swings a mallet to launch a puck up a tower with randomized physics modifiers, sabotage mechanics, and variable difficulty.

### Declared Handles
  mallet (userdata)  The swinging player-controlled lever/mallet handled by a dynamic capsule. [owner: dynamic, lifecycle: global]
  puck (userdata)  The vertical projectile puck spawned and destroyed on track changes. [owner: dynamic, lifecycle: global]
  tower_base (userdata)  The static foundation for the tower structure. [owner: static, lifecycle: static]
  bell_sensor (userdata)  Sensor at the top of the tower to detect puck arrival. [owner: static, lifecycle: static]
  rail_friction (userdata)  Rusty rails acting as static sensor/obstacle with variable friction properties. [owner: static, lifecycle: static]
  spring_kinematic (userdata)  Counter-weight spring object to manipulate lever rebound physics. [owner: kinematic, lifecycle: kinematic]

### Module State Variables (declared at module root by the skeleton builder)
  swing_cooldown (number) = 0.0 - Frame counter for swing recharge or shock plate safety timer [task init_physics]
  current_streak (number) = 0 - Current active streak count for exponential multiplier [task economy_award]
  puck_mass (number) = 5.0 - Current puck mass affected by Weighted Puck modifier [task mod_state]
  spring_tension (number) = 1.0 - Current spring tension value affecting rebound physics [task mod_state]
  bell_height_offset (number) = 0.0 - Vertical offset for The Bell's Curse [task mod_state]
  mallet_integrity (number) = 1.0 - Multiplier for mallet power lost due to Sabotaged Mallet splintering [task mod_state]

### OnLoad Registration Order
  1. SpawnStaticBox(tower_base, ...)
  2. SpawnSensorBox(rail_friction, ...)
  3. SpawnKinematicBox(spring_kinematic, ...)
  4. SpawnDynamicCapsule(mallet, ...)
  5. SpawnDynamicSphere(puck, ...)

### Event Flow
  IsActionDown('fire') → ApplyImpulse to mallet handle and SetLinearVelocity to puck based on swing angle and modifiers
  IsSensorTriggered(bell_sensor) → AwardTickets based on height and streak multiplier, trigger tower gauge shift if applicable
  PoolCullBelow(rail_friction) → ApplyImpulse to puck to remove old puck and spawn new one at random height (Tower Gauge Shift)

### Pool Requirements
  puck_pool: 5

### Economy Hooks: Engine.AwardTickets, Engine.AwardTokens, Engine.GetStreak

### Feature Checklist
  - Dual-Currency Economy (Soul Tokens/Tickets)
  - Streak Protocol (Let It Ride)
  - Rusty Rails (Variable Friction)
  - Weighted Puck (Mass/Height tradeoff)
  - Counter-Weight Springs (Random Tension)
  - The Bell's Curse (Variable Bell Height)
  - Cracked Base (Platform Wobble)
  - Echo Strikes (Rhythm/Progression)
  - Sabotaged Mallet (Splintering Power)
  - Shock Plates (Timing Zaps)
  - Tower Gauge Shift (Random Puck Respawn)

----------------------------------------------------------------------
  This design will guide every task agent in this run.
  a  Approve and continue (recommended)
  r  Reject and abort pipeline
  s  Skip design (run without a design document)
----------------------------------------------------------------------
  [Blueprint Gate] ✓ Design auto-approved (AUTO_APPROVE_GATES=True).

======================================================================
  [09:55:50] Phase 4: Mesh Execution (Omni-Batch DAG)  11 Task(s)
======================================================================
  [Skeleton Builder] 🧬 Injected 6 handle(s) + 6 state var(s) + 1 pool name(s) at module root of C:\Users\Admin\source\repos\midway\attractions\strongman\strongman.lua
  [Anchor Invariant] ✓ attractions/strongman/strongman.lua: 11 canonical + 0 extra anchor(s) — one per task. (baseline snapshotted for revert)

============================================================
  Mechanics Scaffold: reasoning 11 Lua task(s) → bounded scaffold
============================================================
  [Scaffold] ⏭ Task 1: structural hook — skipped.
  [Scaffold] ⏭ Task 3: structural hook — skipped.
  [Adaptive ctx] Input ~2509 tok → KV cache pinned at 32768 (stable allocation, no resize).

============================================================
  [09:55:50] [START] [Mechanics Scaffold (task 4, attempt 1)] Calling Ollama (qwen3.5:9b)...
  [VRAM Guard] num_ctx=32768, user=6268 chars
============================================================
  [Stable ctx] num_ctx=32768 (pinned to model ceiling)

============================================================
  [09:55:50] [START] [Mechanics Scaffold (task 4, attempt 1)] Calling Ollama (qwen3.5:9b) [STREAMING]...
============================================================
  [MemGPT] Context store initialised (session=bee56de61795)
### Mechanic: Puck Object Pool & Cracked Base Prep
INTENT: Initialize a reusable puck object pool with dynamic mass/restitution and register the global step callback to enable the Cracked Base wobble anchor.
PSEUDO:
  CreatePool('puck_pool', 5, 0, {mass = puck_mass, restitution = 0.7})
  OnStep(function(dt)
    if IsSensorTriggered(rail_friction) then
      PoolCullBelow('puck_pool', -5)
    end
    tower_base.y += spring_tension * 0.1
  end)
API:
  CreatePool(name, hotN, coldN, paramsTable)
  OnStep(fn)
  PoolCullBelow(name, yThreshold)  [Telemetry] Mechanics Scaffold (task 4, attempt 1) (qwen3.5:9b)  TTFT: 27.88s | Speed: 6.3 tok/s (381 TPM) | Effective: 2.8 tok/s
  [09:56:40] [END] [Mechanics Scaffold (task 4, attempt 1)] Execution complete.
  [Scaffold] ✓ Task 4: 'Puck Object Pool & Cracked Base Prep' (3 API call(s)).
  [Adaptive ctx] Input ~2523 tok → KV cache pinned at 32768 (stable allocation, no resize).

============================================================
  [09:56:40] [START] [Mechanics Scaffold (task 7, attempt 1)] Calling Ollama (qwen3.5:9b)...
  [VRAM Guard] num_ctx=32768, user=6309 chars
============================================================
  [Stable ctx] num_ctx=32768 (pinned to model ceiling)

============================================================
  [09:56:40] [START] [Mechanics Scaffold (task 7, attempt 1)] Calling Ollama (qwen3.5:9b) [STREAMING]...
============================================================
  [MemGPT] Context store initialised (session=e9167e978433)
### Mechanic: Modifier Loop & Impulse Application
INTENT: every frame read random friction/mass variants from AttractionConstants.modifiers then apply mallet swing impulse and launch puck with AddLinearVelocity
PSEUDO:
  if not IsSensorTriggered(bell_sensor) then
    friction = AttractionConstants.modifiers.friction or 0.5
    puck_mass = AttractionConstants.modifiers.weight or 5.0
    swing_force = AttractionConstants.modifiers.power * mallet_integrity
    ApplyImpulse(mallet, 0, swing_force, 0)
    puck_vel = GetVelocity(mallet) * swing_force / puck_mass
    AddLinearVelocity(puck, puck_vel.x, puck_vel.y, puck_vel.z)
    current_streak = Engine.GetStreak()
    friction = friction * (1 - (current_streak * 0.05))
    if friction < 0.2 then
      SetFriction(rail_friction, friction)
    end
  end
API:
  ApplyImpulse(mallet, ix, iy, iz)
  AddLinearVelocity(puck, vx, vy, vz)
  SetFriction(rail_friction, v)  [Telemetry] Mechanics Scaffold (task 7, attempt 1) (qwen3.5:9b)  TTFT: 28.00s | Speed: 5.9 tok/s (352 TPM) | Effective: 3.4 tok/s
  [09:57:46] [END] [Mechanics Scaffold (task 7, attempt 1)] Execution complete.
  [Scaffold] ✓ Task 7: 'Modifier Loop & Impulse Application' (3 API call(s)).
  [Adaptive ctx] Input ~2514 tok → KV cache pinned at 32768 (stable allocation, no resize).

============================================================
  [09:57:46] [START] [Mechanics Scaffold (task 5, attempt 1)] Calling Ollama (qwen3.5:9b)...
  [VRAM Guard] num_ctx=32768, user=6282 chars
============================================================
  [Stable ctx] num_ctx=32768 (pinned to model ceiling)

============================================================
  [09:57:46] [START] [Mechanics Scaffold (task 5, attempt 1)] Calling Ollama (qwen3.5:9b) [STREAMING]...
============================================================
  [MemGPT] Context store initialised (session=4f41348a818d)
### Mechanic: Bell Win Condition
INTENT: Detect puck arrival at the top by polling the sensor handle to award tickets scaled by current streak.
PSEUDO:
  if IsSensorTriggered(bell_sensor) then
    multiplier = Engine.GetStreak()
    reward = base_ticket_value * multiplier
    Engine.AwardTickets(reward, "BellWin")
    bell_sensor = nil
  end
API:
  IsSensorTriggered(bell_sensor)
  Engine.GetStreak()
  Engine.AwardTickets(n, label)  [Telemetry] Mechanics Scaffold (task 5, attempt 1) (qwen3.5:9b)  TTFT: 28.08s | Speed: 7.0 tok/s (419 TPM) | Effective: 2.3 tok/s
  [09:58:28] [END] [Mechanics Scaffold (task 5, attempt 1)] Execution complete.
  [Scaffold] ✓ Task 5: 'Bell Win Condition' (3 API call(s)).
  [Adaptive ctx] Input ~2515 tok → KV cache pinned at 32768 (stable allocation, no resize).

============================================================
  [09:58:28] [START] [Mechanics Scaffold (task 8, attempt 1)] Calling Ollama (qwen3.5:9b)...
  [VRAM Guard] num_ctx=32768, user=6284 chars
============================================================
  [Stable ctx] num_ctx=32768 (pinned to model ceiling)

============================================================
  [09:58:28] [START] [Mechanics Scaffold (task 8, attempt 1)] Calling Ollama (qwen3.5:9b) [STREAMING]...
============================================================
  [MemGPT] Context store initialised (session=e5abc2ad3be0)
### Mechanic: The Bell's Curse
INTENT: periodically adjusts the vertical spawn height of the puck to simulate a cursed shifting bell using a luck-scaled random offset.
PSEUDO:
  if step_count % SHIFT_INTERVAL == 0 then
    shift_amount = rng() * CURSE_MAX
    bell_height_offset = bell_height_offset + shift_amount
    spawn_pos_y = SPAWN_BASE_Y - bell_height_offset
    handle = SpawnDynamicMesh(spawn_pos_x, spawn_pos_y, spawn_pos_z, yaw, puck_mass, "puck_mesh")
    SetPosition(handle, spawn_pos_x, spawn_pos_y, spawn_pos_z)
  end
API:
  SpawnDynamicMesh(lx, ly, lz, yaw, mass, path)
  SetPosition(handle, lx, ly, lz)
  Engine.GetStreak()
  Engine.AwardTickets(n, label)  [Telemetry] Mechanics Scaffold (task 8, attempt 1) (qwen3.5:9b)  TTFT: 27.98s | Speed: 6.4 tok/s (381 TPM) | Effective: 3.0 tok/s
  [09:59:21] [END] [Mechanics Scaffold (task 8, attempt 1)] Execution complete.
  [Adaptive ctx] Input ~2584 tok → KV cache pinned at 32768 (stable allocation, no resize).

============================================================
  [09:59:21] [START] [Mechanics Scaffold (task 8, attempt 2)] Calling Ollama (qwen3.5:9b)...
  [VRAM Guard] num_ctx=32768, user=6492 chars
============================================================
  [Stable ctx] num_ctx=32768 (pinned to model ceiling)

============================================================
  [09:59:21] [START] [Mechanics Scaffold (task 8, attempt 2)] Calling Ollama (qwen3.5:9b) [STREAMING]...
============================================================
  [MemGPT] Context store initialised (session=7bcfd0cc7af5)
### Mechanic: Bell's Curse
INTENT: randomly shifts the bell's vertical position using MoveKinematic while tracking the offset in a local variable
PSEUDO:
  if rand() < CURSE_CHANCE then
    offset = -1.0 * math.random(1, 2)
    bell_height_offset = bell_height_offset + offset
  end
  MoveKinematic(bell_handle, px, py + bell_height_offset, pz, 1.0)
  bell_sensor = SpawnDynamicMesh(0, 0, -10, 0, bell_height_offset, nil, nil, tower_path)
API:
  SpawnDynamicMesh(lx, ly, lz, yaw, mass, path)
  MoveKinematic(handle, lx, ly, lz, dt)  [Telemetry] Mechanics Scaffold (task 8, attempt 2) (qwen3.5:9b)  TTFT: 23.23s | Speed: 6.5 tok/s (391 TPM) | Effective: 3.2 tok/s
  [10:00:07] [END] [Mechanics Scaffold (task 8, attempt 2)] Execution complete.
  [Scaffold] ✓ Task 8: 'Bell's Curse' (2 API call(s)).
  [Scaffold] ⏭ Task 2: structural hook — skipped.
  [Adaptive ctx] Input ~2498 tok → KV cache pinned at 32768 (stable allocation, no resize).

============================================================
  [10:00:07] [START] [Mechanics Scaffold (task 6, attempt 1)] Calling Ollama (qwen3.5:9b)...
  [VRAM Guard] num_ctx=32768, user=6234 chars
============================================================
  [Stable ctx] num_ctx=32768 (pinned to model ceiling)

============================================================
  [10:00:07] [START] [Mechanics Scaffold (task 6, attempt 1)] Calling Ollama (qwen3.5:9b) [STREAMING]...
============================================================
  [MemGPT] Context store initialised (session=22d3c7ae264c)
### Mechanic: Rusty Rails Friction
INTENT: applies dynamic friction to the puck based on the current modifier and resets it after the swing cycle completes.
PSEUDO:
  if rail_friction_modifier > 0.0 then
    SetFriction(puck, rail_friction_modifier)
  end
  if swing_cycle_complete then
    SetFriction(puck, 0.0)
  end
API:
  SetFriction(handle, v)
  SetLinearVelocity(handle, vx, vy, vz)
  OnStep(fn)  [Telemetry] Mechanics Scaffold (task 6, attempt 1) (qwen3.5:9b)  TTFT: 27.82s | Speed: 6.7 tok/s (404 TPM) | Effective: 2.3 tok/s
  [10:00:49] [END] [Mechanics Scaffold (task 6, attempt 1)] Execution complete.
  [Scaffold] ✓ Task 6: 'Rusty Rails Friction' (3 API call(s)).
  [Adaptive ctx] Input ~2528 tok → KV cache pinned at 32768 (stable allocation, no resize).

============================================================
  [10:00:49] [START] [Mechanics Scaffold (task 9, attempt 1)] Calling Ollama (qwen3.5:9b)...
  [VRAM Guard] num_ctx=32768, user=6323 chars
============================================================
  [Stable ctx] num_ctx=32768 (pinned to model ceiling)

============================================================
  [10:00:49] [START] [Mechanics Scaffold (task 9, attempt 1)] Calling Ollama (qwen3.5:9b) [STREAMING]...
============================================================
  [MemGPT] Context store initialised (session=8ef13a154ab8)
### Mechanic: Echo Strikes
INTENT: increments the round counter on bell sensor hit and resets it on a miss to prevent stacking bonuses
PSEUDO:
  if IsSensorTriggered(bell_sensor) then
    current_streak = current_streak + 1
  else
    current_streak = 0
  end
  Engine.GetStreak() -- read streak if needed
API:
  IsSensorTriggered(bell_sensor)
  Engine.GetStreak()  [Telemetry] Mechanics Scaffold (task 9, attempt 1) (qwen3.5:9b)  TTFT: 28.46s | Speed: 7.4 tok/s (445 TPM) | Effective: 2.1 tok/s
  [10:01:29] [END] [Mechanics Scaffold (task 9, attempt 1)] Execution complete.
  [Scaffold] ✓ Task 9: 'Echo Strikes' (2 API call(s)).
  [Adaptive ctx] Input ~2520 tok → KV cache pinned at 32768 (stable allocation, no resize).

============================================================
  [10:01:29] [START] [Mechanics Scaffold (task 10, attempt 1)] Calling Ollama (qwen3.5:9b)...
  [VRAM Guard] num_ctx=32768, user=6300 chars
============================================================
  [Stable ctx] num_ctx=32768 (pinned to model ceiling)

============================================================
  [10:01:29] [START] [Mechanics Scaffold (task 10, attempt 1)] Calling Ollama (qwen3.5:9b) [STREAMING]...
============================================================
  [MemGPT] Context store initialised (session=1c983bd20ef8)
### Mechanic: Swing Cycle Reset
INTENT: clear temporary sensor flags and zero swing state variables after a completed swing cycle to ensure deterministic behavior for the next attempt
PSEUDO:
  if swing_complete then
    bell_sensor = false
    swing_cooldown = 0.0
    current_streak = 0
    rail_friction = true
  end
API:
  IsSensorTriggered(bell_sensor)
  OnStep(fn)  [Telemetry] Mechanics Scaffold (task 10, attempt 1) (qwen3.5:9b)  TTFT: 27.89s | Speed: 7.1 tok/s (428 TPM) | Effective: 2.0 tok/s 🚨 SLOW
  [10:02:07] [END] [Mechanics Scaffold (task 10, attempt 1)] Execution complete.
  [Scaffold] ✓ Task 10: 'Swing Cycle Reset' (2 API call(s)).
  [Adaptive ctx] Input ~2488 tok → KV cache pinned at 32768 (stable allocation, no resize).

============================================================
  [10:02:07] [START] [Mechanics Scaffold (task 11, attempt 1)] Calling Ollama (qwen3.5:9b)...
  [VRAM Guard] num_ctx=32768, user=6205 chars
============================================================
  [Stable ctx] num_ctx=32768 (pinned to model ceiling)

============================================================
  [10:02:07] [START] [Mechanics Scaffold (task 11, attempt 1)] Calling Ollama (qwen3.5:9b) [STREAMING]...
============================================================
  [MemGPT] Context store initialised (session=2af6af9947ae)
### Mechanic: Strongman Cleanup & Diagnostics
INTENT: On attraction unload, destroy all dynamic bodies and log current state variables including sensor triggers, pool counts, and streaks.
PSEUDO:
  print("=== Strongman Attraction Unload ===")
  print("Puck Pool Active Count:", PoolTotal("puck_pool"))
  print("Current Streak:", Engine.GetStreak())
  print("Mallet Integrity:", mallet_integrity)
  print("Bell Height Offset:", bell_height_offset)
  print("Puck Mass:", puck_mass)
  print("Active Sensors:", IsSensorTriggered(bell_sensor), IsSensorTriggered(rail_friction))
  DestroyBody(mallet)
  DestroyBody(puck)
API:
  print
  PoolTotal
  Engine.GetStreak
  IsSensorTriggered
  DestroyBody
  DestroyBody  [Telemetry] Mechanics Scaffold (task 11, attempt 1) (qwen3.5:9b)  TTFT: 28.05s | Speed: 6.1 tok/s (364 TPM) | Effective: 2.9 tok/s
  [10:03:01] [END] [Mechanics Scaffold (task 11, attempt 1)] Execution complete.
  [Scaffold] ✓ Task 11: 'Strongman Cleanup & Diagnostics' (0 API call(s)).
  [Scaffold] Done: 8 scaffold(s) stored on ctx.scaffolds.

============================================================
  Phase A: Deterministic Skeleton Builder (pre-task)
============================================================
  [Skeleton Builder] ✓ All target files already have valid skeleton structure
  [Wave Sorter] 🔒 Deferred task '2' to next wave (file 'attractions/strongman/strongman.lua' already claimed by '1')
  [Wave Sorter] 🔒 Deferred task '3' to next wave (file 'attractions/strongman/strongman.lua' already claimed by '1')
  [Wave Sorter] 🔒 Deferred task '4' to next wave (file 'attractions/strongman/strongman.lua' already claimed by '1')
  [Wave Sorter] 🔒 Deferred task '5' to next wave (file 'attractions/strongman/strongman.lua' already claimed by '1')
  [Wave Sorter] 🔒 Deferred task '6' to next wave (file 'attractions/strongman/strongman.lua' already claimed by '1')
  [Wave Sorter] 🔒 Deferred task '7' to next wave (file 'attractions/strongman/strongman.lua' already claimed by '1')
  [Wave Sorter] 🔒 Deferred task '8' to next wave (file 'attractions/strongman/strongman.lua' already claimed by '1')
  [Wave Sorter] 🔒 Deferred task '9' to next wave (file 'attractions/strongman/strongman.lua' already claimed by '1')
  [Wave Sorter] 🔒 Deferred task '10' to next wave (file 'attractions/strongman/strongman.lua' already claimed by '1')
  [Wave Sorter] 🔒 Deferred task '11' to next wave (file 'attractions/strongman/strongman.lua' already claimed by '1')
  [Wave Sorter] 🔒 Deferred task '3' to next wave (file 'attractions/strongman/strongman.lua' already claimed by '2')
  [Wave Sorter] 🔒 Deferred task '4' to next wave (file 'attractions/strongman/strongman.lua' already claimed by '2')
  [Wave Sorter] 🔒 Deferred task '5' to next wave (file 'attractions/strongman/strongman.lua' already claimed by '2')
  [Wave Sorter] 🔒 Deferred task '6' to next wave (file 'attractions/strongman/strongman.lua' already claimed by '2')
  [Wave Sorter] 🔒 Deferred task '7' to next wave (file 'attractions/strongman/strongman.lua' already claimed by '2')
  [Wave Sorter] 🔒 Deferred task '8' to next wave (file 'attractions/strongman/strongman.lua' already claimed by '2')
  [Wave Sorter] 🔒 Deferred task '9' to next wave (file 'attractions/strongman/strongman.lua' already claimed by '2')
  [Wave Sorter] 🔒 Deferred task '10' to next wave (file 'attractions/strongman/strongman.lua' already claimed by '2')
  [Wave Sorter] 🔒 Deferred task '11' to next wave (file 'attractions/strongman/strongman.lua' already claimed by '2')
  [Wave Sorter] 🔒 Deferred task '4' to next wave (file 'attractions/strongman/strongman.lua' already claimed by '3')
  [Wave Sorter] 🔒 Deferred task '5' to next wave (file 'attractions/strongman/strongman.lua' already claimed by '3')
  [Wave Sorter] 🔒 Deferred task '6' to next wave (file 'attractions/strongman/strongman.lua' already claimed by '3')
  [Wave Sorter] 🔒 Deferred task '7' to next wave (file 'attractions/strongman/strongman.lua' already claimed by '3')
  [Wave Sorter] 🔒 Deferred task '8' to next wave (file 'attractions/strongman/strongman.lua' already claimed by '3')
  [Wave Sorter] 🔒 Deferred task '9' to next wave (file 'attractions/strongman/strongman.lua' already claimed by '3')
  [Wave Sorter] 🔒 Deferred task '10' to next wave (file 'attractions/strongman/strongman.lua' already claimed by '3')
  [Wave Sorter] 🔒 Deferred task '11' to next wave (file 'attractions/strongman/strongman.lua' already claimed by '3')
  [Wave Sorter] 🔒 Deferred task '5' to next wave (file 'attractions/strongman/strongman.lua' already claimed by '4')
  [Wave Sorter] 🔒 Deferred task '6' to next wave (file 'attractions/strongman/strongman.lua' already claimed by '4')
  [Wave Sorter] 🔒 Deferred task '7' to next wave (file 'attractions/strongman/strongman.lua' already claimed by '4')
  [Wave Sorter] 🔒 Deferred task '8' to next wave (file 'attractions/strongman/strongman.lua' already claimed by '4')
  [Wave Sorter] 🔒 Deferred task '9' to next wave (file 'attractions/strongman/strongman.lua' already claimed by '4')
  [Wave Sorter] 🔒 Deferred task '10' to next wave (file 'attractions/strongman/strongman.lua' already claimed by '4')
  [Wave Sorter] 🔒 Deferred task '11' to next wave (file 'attractions/strongman/strongman.lua' already claimed by '4')
  [Wave Sorter] 🔒 Deferred task '6' to next wave (file 'attractions/strongman/strongman.lua' already claimed by '5')
  [Wave Sorter] 🔒 Deferred task '7' to next wave (file 'attractions/strongman/strongman.lua' already claimed by '5')
  [Wave Sorter] 🔒 Deferred task '8' to next wave (file 'attractions/strongman/strongman.lua' already claimed by '5')
  [Wave Sorter] 🔒 Deferred task '9' to next wave (file 'attractions/strongman/strongman.lua' already claimed by '5')
  [Wave Sorter] 🔒 Deferred task '10' to next wave (file 'attractions/strongman/strongman.lua' already claimed by '5')
  [Wave Sorter] 🔒 Deferred task '11' to next wave (file 'attractions/strongman/strongman.lua' already claimed by '5')
  [Wave Sorter] 🔒 Deferred task '7' to next wave (file 'attractions/strongman/strongman.lua' already claimed by '6')
  [Wave Sorter] 🔒 Deferred task '8' to next wave (file 'attractions/strongman/strongman.lua' already claimed by '6')
  [Wave Sorter] 🔒 Deferred task '9' to next wave (file 'attractions/strongman/strongman.lua' already claimed by '6')
  [Wave Sorter] 🔒 Deferred task '10' to next wave (file 'attractions/strongman/strongman.lua' already claimed by '6')
  [Wave Sorter] 🔒 Deferred task '11' to next wave (file 'attractions/strongman/strongman.lua' already claimed by '6')
  [Wave Sorter] 🔒 Deferred task '8' to next wave (file 'attractions/strongman/strongman.lua' already claimed by '7')
  [Wave Sorter] 🔒 Deferred task '9' to next wave (file 'attractions/strongman/strongman.lua' already claimed by '7')
  [Wave Sorter] 🔒 Deferred task '10' to next wave (file 'attractions/strongman/strongman.lua' already claimed by '7')
  [Wave Sorter] 🔒 Deferred task '11' to next wave (file 'attractions/strongman/strongman.lua' already claimed by '7')
  [Wave Sorter] 🔒 Deferred task '9' to next wave (file 'attractions/strongman/strongman.lua' already claimed by '8')
  [Wave Sorter] 🔒 Deferred task '10' to next wave (file 'attractions/strongman/strongman.lua' already claimed by '8')
  [Wave Sorter] 🔒 Deferred task '11' to next wave (file 'attractions/strongman/strongman.lua' already claimed by '8')
  [Wave Sorter] 🔒 Deferred task '10' to next wave (file 'attractions/strongman/strongman.lua' already claimed by '9')
  [Wave Sorter] 🔒 Deferred task '11' to next wave (file 'attractions/strongman/strongman.lua' already claimed by '9')
  [Wave Sorter] 🔒 Deferred task '11' to next wave (file 'attractions/strongman/strongman.lua' already claimed by '10')
  [DAG] Sorted 11 task(s) into 11 wave(s):
    Wave 1: Task 1 [Lua]
    Wave 2: Task 2 [Lua]
    Wave 3: Task 3 [Lua]
    Wave 4: Task 4 [Lua]
    Wave 5: Task 5 [Lua]
    Wave 6: Task 6 [Lua]
    Wave 7: Task 7 [Lua]
    Wave 8: Task 8 [Lua]
    Wave 9: Task 9 [Lua]
    Wave 10: Task 10 [Lua]
    Wave 11: Task 11 [Lua]

  ============================================================
  Processing Wave 1/11 (1 task(s))
  ============================================================
  [VRAM Lock] Setting keep_alive=15m for task_1 (Lua)
  VRAM stub: attractions/_REFERENCE/REFERENCE.lua (5691 chars -> stub)
  VRAM stub: attractions/_shared/attraction_constants.lua (2872 chars -> stub)
  Read: attractions/booth_shared.lua (712 chars)
  Read 3 files from attractions/
  VRAM stub: attractions/_shared/attraction_constants.lua (2872 chars -> stub)
  Read 1 files from attractions/_shared/
  VRAM stub: docs/engine_lua_bridge_contract.md (11596 chars -> stub)
  VRAM stub: docs/rules_lua.md (6092 chars -> stub)
  Read: init.lua (517 chars)
  [Context Extractor] Deterministic attraction match (header): 'The Strongman High Striker'
  [Context Extractor] Deterministic cross-cutting: '3. The Dual-Currency Economy & Streak Protocol'
  [GDD Re-extract] Task 'task_1': 4645 -> 2257 chars (task-keyed extract, scope=NEW_ATTRACTION, attraction='strongman')
  [Staging File] Injected 2167-char staging block for attractions/strongman/strongman.lua (full file 3832 chars) into 'Lua' prompt
  [KV Cache] shared prefix ≈ 7859 chars; tail ≈ 8840 chars; no truncation

============================================================
  [10:03:02] [START] [Lua Scripter (Task task_1)] Calling Ollama (qwen3.5:9b) [stateless]...
  [VRAM Guard] num_ctx=32768, user=16701 chars
============================================================
  [Stable ctx] num_ctx=32768 (pinned to model ceiling)

============================================================
  [10:03:02] [START] [Lua Scripter (Task task_1)] Calling Ollama (qwen3.5:9b) [STREAMING]...
============================================================
  [MemGPT] Context store initialised (session=42c49c6f81a8)
<<<<<<< SEARCH
  local spring_tension = 1.0  -- task mod_state Current spring tension value affecting rebound physics
  local bell_height_offset = 0.0  -- task mod_state Vertical offset for The Bell's Curse
  local mallet_integrity = 1.0  -- task mod_state Multiplier for mallet power lost due to Sabotaged Mallet splintering
  -- [TASK_1_INSERT_HOOK] -- module-level state (balls/objects table, globals)
=======
  local spring_tension = 1.0  -- task mod_state Current spring tension value affecting rebound physics
  local bell_height_offset = 0.0  -- task mod_state Vertical offset for The Bell's Curse
  local mallet_integrity = 1.0  -- task mod_state Multiplier for mallet power lost due to Sabotaged Mallet splintering
  local puck_pool_pool = "puck_pool_pool"  -- Pool name for puck entity recycling
>>>>>>> REPLACE  [Telemetry] Lua Scripter (Task task_1) (qwen3.5:9b)  TTFT: 99.20s | Speed: 6.2 tok/s (373 TPM) | Effective: 1.4 tok/s 🚨 SLOW
  [10:05:10] [END] [Lua Scripter (Task task_1)] Execution complete.
  [FuzzyPatch] DEBUG: Exact match failed  trying fuzzy (normalize+slide)...
  [FuzzyPatch] DEBUG: Fuzzy (normalize+slide) matched at line 32.
  [Real-time Patch] ✅ Applied 1/1 SEARCH/REPLACE block(s) to attractions/strongman/strongman.lua
  [Anchor Verifier] 🔧 Post-patch re-injected '-- [TASK_1_INSERT_HOOK] -- module-level state (balls/objects table, globals)' into attractions/strongman/strongman.lua
  [Snapshot] ✓ luac-clean baseline updated for attractions/strongman/strongman.lua (3919 chars)
  [LedgerGuard] ⚠ Synthetic header prepended for Lua: [Define_module_level_state_variables]
  [Thermal Pacing] Cooling down for 5.0s...

  ============================================================
  Processing Wave 2/11 (1 task(s))
  ============================================================
  [VRAM Lock] Setting keep_alive=15m for task_2 (Lua)
  VRAM stub: attractions/_REFERENCE/REFERENCE.lua (5691 chars -> stub)
  VRAM stub: attractions/_shared/attraction_constants.lua (2872 chars -> stub)
  Read: attractions/booth_shared.lua (712 chars)
  Read 3 files from attractions/
  VRAM stub: attractions/_shared/attraction_constants.lua (2872 chars -> stub)
  Read 1 files from attractions/_shared/
  VRAM stub: docs/engine_lua_bridge_contract.md (11596 chars -> stub)
  VRAM stub: docs/rules_lua.md (6092 chars -> stub)
  Read: init.lua (517 chars)
  [Context Extractor] Deterministic attraction match (header): 'The Strongman High Striker'
  [Context Extractor] Deterministic cross-cutting: '3. The Dual-Currency Economy & Streak Protocol'
  [GDD Re-extract] Task 'task_2': 4645 -> 2257 chars (task-keyed extract, scope=NEW_ATTRACTION, attraction='strongman')
  [Staging File] Injected 1946-char staging block for attractions/strongman/strongman.lua (full file 3919 chars) into 'Lua' prompt
  [KV Cache] shared prefix ≈ 7859 chars; tail ≈ 9310 chars; no truncation

============================================================
  [10:05:15] [START] [Lua Scripter (Task task_2)] Calling Ollama (qwen3.5:9b) [stateless]...
  [VRAM Guard] num_ctx=32768, user=17171 chars
============================================================
  [Stable ctx] num_ctx=32768 (pinned to model ceiling)

============================================================
  [10:05:15] [START] [Lua Scripter (Task task_2)] Calling Ollama (qwen3.5:9b) [STREAMING]...
============================================================
  [MemGPT] Context store initialised (session=61aeef9d2720)
<<<<<<< SEARCH
  -- [TASK_3_INSERT_HOOK] -- permanent geometry: SpawnSharedBooth() + static physics bodies
=======
  -- [TASK_3_INSERT_HOOK] -- permanent geometry: SpawnSharedBooth() + static physics bodies
  SpawnSharedBooth()
  MidwayPhysics.SpawnStaticBox(
      tower_base,
      0.0, 0.0, -10.0,
      2.0, 2.0, 40.0
  )
  MidwayPhysics.SpawnStaticCapsule(
      bell_sensor,
      0.0, 0.0, 15.0,
      0.5, 1.5
  )
  MidwayPhysics.SpawnSensorBox(
      rail_friction,
      0.0, 0.0, -5.0,
      2.0, 0.1, 40.0
  )
  MidwayPhysics.SpawnKinematicCapsule(
      spring_kinematic,
      0.0, 0.0, 0.0,
      1.0, 0.5
  )
>>>>>>> REPLACE  [Telemetry] Lua Scripter (Task task_2) (qwen3.5:9b)  TTFT: 48.72s | Speed: 5.1 tok/s (308 TPM) | Effective: 2.3 tok/s
  [10:06:42] [END] [Lua Scripter (Task task_2)] Execution complete.
  [FuzzyPatch] DEBUG: Exact match succeeded.
  [Real-time Patch] ✅ Applied 1/1 SEARCH/REPLACE block(s) to attractions/strongman/strongman.lua
  [Snapshot] ✓ luac-clean baseline updated for attractions/strongman/strongman.lua (4337 chars)
  [LedgerGuard] ⚠ Synthetic header prepended for Lua: [Implement_OnLoadStatic_spawn_booth_geometry]
  [Thermal Pacing] Cooling down for 5.0s...

  ============================================================
  Processing Wave 3/11 (1 task(s))
  ============================================================
  [VRAM Lock] Setting keep_alive=15m for task_3 (Lua)
  VRAM stub: attractions/_REFERENCE/REFERENCE.lua (5691 chars -> stub)
  VRAM stub: attractions/_shared/attraction_constants.lua (2872 chars -> stub)
  Read: attractions/booth_shared.lua (712 chars)
  Read 3 files from attractions/
  VRAM stub: attractions/_shared/attraction_constants.lua (2872 chars -> stub)
  Read 1 files from attractions/_shared/
  VRAM stub: docs/engine_lua_bridge_contract.md (11596 chars -> stub)
  VRAM stub: docs/rules_lua.md (6092 chars -> stub)
  Read: init.lua (517 chars)
  [Context Extractor] Deterministic attraction match (header): 'The Strongman High Striker'
  [Context Extractor] Deterministic cross-cutting: '3. The Dual-Currency Economy & Streak Protocol'
  [GDD Re-extract] Task 'task_3': 4645 -> 2257 chars (task-keyed extract, scope=NEW_ATTRACTION, attraction='strongman')
  [Staging File] Injected 3019-char staging block for attractions/strongman/strongman.lua (full file 4337 chars) into 'Lua' prompt
  [KV Cache] shared prefix ≈ 7859 chars; tail ≈ 10665 chars; no truncation

============================================================
  [10:06:47] [START] [Lua Scripter (Task task_3)] Calling Ollama (qwen3.5:9b) [stateless]...
  [VRAM Guard] num_ctx=32768, user=18526 chars
============================================================
  [Stable ctx] num_ctx=32768 (pinned to model ceiling)

============================================================
  [10:06:47] [START] [Lua Scripter (Task task_3)] Calling Ollama (qwen3.5:9b) [STREAMING]...
============================================================
  [MemGPT] Context store initialised (session=6945ccdcb621)
<<<<<<< SEARCH
-- ALL game logic and setup MUST go here
function OnLoad()
    -- [TASK_2_INSERT_HOOK] -- shared constants table (geometry, physics, gameplay values)
    -- [TASK_4_INSERT_HOOK] -- object pool creation (MidwayPhysics.CreatePool with shape/mass/restitution)
    -- [TASK_5_INSERT_HOOK] -- round state init (ball counters, timers, round variables)
    -- [TASK_6_INSERT_HOOK] -- input handling / aiming mechanism setup
=======
-- ALL game logic and setup MUST go here
function OnLoad()
    -- [TASK_2_INSERT_HOOK] -- shared constants table (geometry, physics, gameplay values)
    -- [TASK_4_INSERT_HOOK] -- object pool creation (MidwayPhysics.CreatePool with shape/mass/restitution)
    local puck_pool_handle = MidwayPhysics.CreatePool('puck_pool', 5, 0, {mass = puck_mass, restitution = 0.7})
    -- [TASK_5_INSERT_HOOK] -- round state init (ball counters, timers, round variables)
    -- [TASK_6_INSERT_HOOK] -- input handling / aiming mechanism setup
>>>>>>> REPLACE  [Telemetry] Lua Scripter (Task task_3) (qwen3.5:9b)  TTFT: 53.90s | Speed: 6.2 tok/s (370 TPM) | Effective: 2.5 tok/s
  [10:08:18] [END] [Lua Scripter (Task task_3)] Execution complete.
  [FuzzyPatch] DEBUG: Exact match succeeded.
  [Anchor Guard] 🔀 task_3 redefines 'OnLoad' — stripped wrappers, keeping 180 chars of game logic.
  [Real-time Patch] ✅ Applied 1/1 SEARCH/REPLACE block(s) to attractions/strongman/strongman.lua
  [Post-Process Fix #15] Converted 1 bare expression statement(s) to 'local _ = ...'
  [Snapshot] ⚠ post-patch file not luac-clean for attractions/strongman/strongman.lua — REVERTING to last-clean baseline
  [Snapshot] ✅ reverted attractions/strongman/strongman.lua to last-clean baseline (4337 chars)
  [LedgerGuard] ⚠ Synthetic header prepended for Lua: [Implement_OnLoad_create_dynamic_puck]
  [Thermal Pacing] Cooling down for 5.0s...
  [IntegrationSchema] ⚠ Handle conflict: OnLoad, OnLoad (tasks: task_3)

  ============================================================
  Processing Wave 4/11 (1 task(s))
  ============================================================
  [VRAM Lock] Setting keep_alive=15m for task_4 (Lua)
  VRAM stub: attractions/_REFERENCE/REFERENCE.lua (5691 chars -> stub)
  VRAM stub: attractions/_shared/attraction_constants.lua (2872 chars -> stub)
  Read: attractions/booth_shared.lua (712 chars)
  Read 3 files from attractions/
  VRAM stub: attractions/_shared/attraction_constants.lua (2872 chars -> stub)
  Read 1 files from attractions/_shared/
  VRAM stub: docs/engine_lua_bridge_contract.md (11596 chars -> stub)
  VRAM stub: docs/rules_lua.md (6092 chars -> stub)
  Read: init.lua (517 chars)
  Read: modifier_state.json (162 chars)
  [Context Extractor] Deterministic attraction match (header): 'The Strongman High Striker'
  [Context Extractor] Deterministic cross-cutting: '3. The Dual-Currency Economy & Streak Protocol'
  [GDD Re-extract] Task 'task_4': 4645 -> 2257 chars (task-keyed extract, scope=NEW_ATTRACTION, attraction='strongman')
  [Staging File] Injected 3632-char staging block for attractions/strongman/strongman.lua (full file 4337 chars) into 'Lua' prompt
  [KV Cache] shared prefix ≈ 7859 chars; tail ≈ 11801 chars; no truncation

============================================================
  [10:08:23] [START] [Lua Scripter (Task task_4)] Calling Ollama (qwen3.5:9b) [stateless]...
  [VRAM Guard] num_ctx=32768, user=19662 chars
============================================================
  [Stable ctx] num_ctx=32768 (pinned to model ceiling)

============================================================
  [10:08:23] [START] [Lua Scripter (Task task_4)] Calling Ollama (qwen3.5:9b) [STREAMING]...
============================================================
  [MemGPT] Context store initialised (session=0bb12e813fac)
<<<<<<< SEARCH
    -- [TASK_7_INSERT_HOOK] -- modifier read: AttractionConstants.modifiers every frame, apply ENGINE_MOD_HEAT/LUCK/SLEIGHT_OF_HAND
=======
    local MOD = AttractionConstants.modifiers
    if IsActionDown("fire") then
        local swing_force = 10.0 * mallet_integrity * (1.0 + MOD.nerve * 0.1)
        local friction = 0.5 * (1.0 + MOD.friction * 0.2)
        local puck_vel = GetVelocity(mallet) * (1.0 + MOD.mass * 0.5)
        ApplyImpulse(mallet, 0, swing_force, 0)
        AddLinearVelocity(puck, puck_vel.x, puck_vel.y, puck_vel.z)
        SetFriction(rail_friction, friction)
    end
    -- [TASK_7_INSERT_HOOK] -- modifier read: AttractionConstants.modifiers every frame, apply ENGINE_MOD_HEAT/LUCK/SLEIGHT_OF_HAND
>>>>>>> REPLACE  [Telemetry] Lua Scripter (Task task_4) (qwen3.5:9b)  TTFT: 57.82s | Speed: 6.0 tok/s (360 TPM) | Effective: 2.2 tok/s
  [10:09:54] [END] [Lua Scripter (Task task_4)] Execution complete.
  [FuzzyPatch] DEBUG: Exact match succeeded.
  [Real-time Patch] ✅ Applied 1/1 SEARCH/REPLACE block(s) to attractions/strongman/strongman.lua
  [Snapshot] ✓ luac-clean baseline updated for attractions/strongman/strongman.lua (4791 chars)
  [LedgerGuard] ⚠ Synthetic header prepended for Lua: [Implement_OnStep_logic_handle_mallet]
  [Thermal Pacing] Cooling down for 5.0s...

  ============================================================
  Processing Wave 5/11 (1 task(s))
  ============================================================
  [VRAM Lock] Setting keep_alive=15m for task_5 (Lua)
  VRAM stub: attractions/_REFERENCE/REFERENCE.lua (5691 chars -> stub)
  VRAM stub: attractions/_shared/attraction_constants.lua (2872 chars -> stub)
  Read: attractions/booth_shared.lua (712 chars)
  Read 3 files from attractions/
  VRAM stub: attractions/_shared/attraction_constants.lua (2872 chars -> stub)
  Read 1 files from attractions/_shared/
  VRAM stub: docs/engine_lua_bridge_contract.md (11596 chars -> stub)
  VRAM stub: docs/rules_lua.md (6092 chars -> stub)
  Read: init.lua (517 chars)
  [Context Extractor] Deterministic attraction match (header): 'The Strongman High Striker'
  [Context Extractor] Deterministic cross-cutting: '3. The Dual-Currency Economy & Streak Protocol'
  [GDD Re-extract] Task 'task_5': 4645 -> 2257 chars (task-keyed extract, scope=NEW_ATTRACTION, attraction='strongman')
  [Staging File] Injected 2855-char staging block for attractions/strongman/strongman.lua (full file 4791 chars) into 'Lua' prompt
  [KV Cache] shared prefix ≈ 7859 chars; tail ≈ 11104 chars; no truncation

============================================================
  [10:09:59] [START] [Lua Scripter (Task task_5)] Calling Ollama (qwen3.5:9b) [stateless]...
  [VRAM Guard] num_ctx=32768, user=18965 chars
============================================================
  [Stable ctx] num_ctx=32768 (pinned to model ceiling)

============================================================
  [10:09:59] [START] [Lua Scripter (Task task_5)] Calling Ollama (qwen3.5:9b) [STREAMING]...
============================================================
  [MemGPT] Context store initialised (session=26bb5ced10c6)
<<<<<<< SEARCH
    -- [TASK_5_INSERT_HOOK] -- round state init (ball counters, timers, round variables)
    -- [TASK_5_INSERT_HOOK] -- round state init (ball counters, timers, round variables)
=======
    -- [TASK_5_INSERT_HOOK] -- round state init (bell win condition logic)
    MidwayPhysics.OnStep(function(dt)
        local MOD = AttractionConstants.modifiers
        local streak = Engine.GetStreak()

        if IsSensorTriggered(bell_sensor) then
            local base_reward = 100
            local reward = base_reward + streak
            Engine.AwardTickets(reward, 'BellWin')
            bell_sensor = nil
        end

        local tilt = MOD.sleight_of_hand
        bell_height_offset = bell_height_offset + tilt * 0.1

        local difficulty = 1.0 + MOD.heat * 0.2
        if puck ~= nil then
            local lx, ly, lz = MidwayPhysics.GetPosition(puck)
            local vx, vy, vz = MidwayPhysics.GetVelocity(puck)
            if vy < 0 then
                MidwayPhysics.DestroyBody(puck)
                puck = nil
            end
            MidwayPhysics.SetFriction(rail_friction, difficulty)
        end
    end)
>>>>>>> REPLACE  [Telemetry] Lua Scripter (Task task_5) (qwen3.5:9b)  TTFT: 54.56s | Speed: 5.4 tok/s (327 TPM) | Effective: 2.4 tok/s
  [10:11:36] [END] [Lua Scripter (Task task_5)] Execution complete.
  [FuzzyPatch] DEBUG: Exact match failed  trying fuzzy (normalize+slide)...
  [FuzzyPatch] DEBUG: Fuzzy (normalize+slide) failed  trying normalized-content match...
  [FuzzyPatch] WARNING: No match found after all fallbacks. Search preview: '    -- [TASK_5_INSERT_HOOK] -- round state init (ball counters, timers, round va'
  [Real-time Patch] ⚠ SEARCH block not found in attractions/strongman/strongman.lua: '    -- [TASK_5_INSERT_HOOK] -- round state init (ball counters, timers, round va...'  (block 1 of 1 skipped)
  [LedgerGuard] ⚠ Synthetic header prepended for Lua: [Integrate_bell_collision_detection_checking]
  [Thermal Pacing] Cooling down for 5.0s...

  ============================================================
  Processing Wave 6/11 (1 task(s))
  ============================================================
  [VRAM Lock] Setting keep_alive=15m for task_6 (Lua)
  VRAM stub: attractions/_REFERENCE/REFERENCE.lua (5691 chars -> stub)
  VRAM stub: attractions/_shared/attraction_constants.lua (2872 chars -> stub)
  Read: attractions/booth_shared.lua (712 chars)
  Read 3 files from attractions/
  VRAM stub: attractions/_shared/attraction_constants.lua (2872 chars -> stub)
  Read 1 files from attractions/_shared/
  VRAM stub: docs/engine_lua_bridge_contract.md (11596 chars -> stub)
  VRAM stub: docs/rules_lua.md (6092 chars -> stub)
  Read: init.lua (517 chars)
  Read: modifier_state.json (162 chars)
  [Context Extractor] Deterministic attraction match (header): 'The Strongman High Striker'
  [Context Extractor] Deterministic cross-cutting: '3. The Dual-Currency Economy & Streak Protocol'
  [GDD Re-extract] Task 'task_6': 4645 -> 2257 chars (task-keyed extract, scope=NEW_ATTRACTION, attraction='strongman')
  [Staging File] Injected 3290-char staging block for attractions/strongman/strongman.lua (full file 4791 chars) into 'Lua' prompt
  [KV Cache] shared prefix ≈ 7859 chars; tail ≈ 11854 chars; no truncation

============================================================
  [10:11:42] [START] [Lua Scripter (Task task_6)] Calling Ollama (qwen3.5:9b) [stateless]...
  [VRAM Guard] num_ctx=32768, user=19715 chars
============================================================
  [Stable ctx] num_ctx=32768 (pinned to model ceiling)

============================================================
  [10:11:42] [START] [Lua Scripter (Task task_6)] Calling Ollama (qwen3.5:9b) [STREAMING]...
============================================================
  [MemGPT] Context store initialised (session=ed289da38dd4)
<<<<<<< SEARCH
    -- [TASK_8_INSERT_HOOK] -- gameplay tick & scoring: Engine.AwardTickets(n, label) with Engine.GetStreak() multiplier
=======
    local MOD = AttractionConstants.modifiers
    local bell_base_y = 4.0  -- typical bell target height on tower
    local CURSE_CHANCE = 0.005  -- 0.5% chance per frame (tuned per attr speed)
    if rand() and rand() < CURSE_CHANCE then
        local offset = math.random(-1.0, 1.0)
        bell_height_offset = bell_height_offset + offset
    end
    if bell_sensor and spring_kinematic and bell_base_y then
        MidwayPhysics.MoveKinematic(spring_kinematic,
            spring_kinematic:GetPosition(1),
            spring_kinematic:GetPosition(2) + bell_height_offset,
            spring_kinematic:GetPosition(3),
            1.0)
    end
    -- [TASK_8_INSERT_HOOK] -- gameplay tick & scoring: Engine.AwardTickets(n, label) with Engine.GetStreak() multiplier
>>>>>>> REPLACE  [Telemetry] Lua Scripter (Task task_6) (qwen3.5:9b)  TTFT: 57.11s | Speed: 5.8 tok/s (345 TPM) | Effective: 2.2 tok/s
  [10:13:15] [END] [Lua Scripter (Task task_6)] Execution complete.
  [FuzzyPatch] DEBUG: Exact match succeeded.
  [Real-time Patch] ✅ Applied 1/1 SEARCH/REPLACE block(s) to attractions/strongman/strongman.lua
  [Snapshot] ✓ luac-clean baseline updated for attractions/strongman/strongman.lua (5437 chars)
  [LedgerGuard] ⚠ Synthetic header prepended for Lua: [Implement_Bell_s_Curse_modifier]
  [Thermal Pacing] Cooling down for 5.0s...

  ============================================================
  Processing Wave 7/11 (1 task(s))
  ============================================================
  [VRAM Lock] Setting keep_alive=15m for task_7 (Lua)
  VRAM stub: attractions/_REFERENCE/REFERENCE.lua (5691 chars -> stub)
  VRAM stub: attractions/_shared/attraction_constants.lua (2872 chars -> stub)
  Read: attractions/booth_shared.lua (712 chars)
  Read 3 files from attractions/
  VRAM stub: attractions/_shared/attraction_constants.lua (2872 chars -> stub)
  Read 1 files from attractions/_shared/
  VRAM stub: docs/engine_lua_bridge_contract.md (11596 chars -> stub)
  VRAM stub: docs/rules_lua.md (6092 chars -> stub)
  Read: init.lua (517 chars)
  [Context Extractor] Deterministic attraction match (header): 'The Strongman High Striker'
  [Context Extractor] Deterministic cross-cutting: '3. The Dual-Currency Economy & Streak Protocol'
  [GDD Re-extract] Task 'task_7': 4645 -> 2257 chars (task-keyed extract, scope=NEW_ATTRACTION, attraction='strongman')
  [Staging File] Injected 2161-char staging block for attractions/strongman/strongman.lua (full file 5437 chars) into 'Lua' prompt
  [KV Cache] shared prefix ≈ 7859 chars; tail ≈ 10984 chars; no truncation

============================================================
  [10:13:21] [START] [Lua Scripter (Task task_7)] Calling Ollama (qwen3.5:9b) [stateless]...
  [VRAM Guard] num_ctx=32768, user=18845 chars
============================================================
  [Stable ctx] num_ctx=32768 (pinned to model ceiling)

============================================================
  [10:13:21] [START] [Lua Scripter (Task task_7)] Calling Ollama (qwen3.5:9b) [STREAMING]...
============================================================
  [MemGPT] Context store initialised (session=48c9071fed8f)
<<<<<<< SEARCH
    -- [TASK_2_INSERT_HOOK] -- shared constants table (geometry, physics, gameplay values)
=======
    local CrackedBaseDrift = 0.0
    local CrackedBaseTimer = 0.0
    local CrackedBaseThreshold = 0.15
    local CrackedBaseDecay = 0.5
=======
    -- [TASK_2_INSERT_HOOK] -- shared constants table (geometry, physics, gameplay values)
    local CrackedBaseDrift = 0.0
    local CrackedBaseTimer = 0.0
    local CrackedBaseThreshold = 0.15
    local CrackedBaseDecay = 0.5
    -- [TASK_2_INSERT_HOOK] -- shared constants table (geometry, physics, gameplay values)
>>>>>>> REPLACE  [Telemetry] Lua Scripter (Task task_7) (qwen3.5:9b)  TTFT: 53.92s | Speed: 6.1 tok/s (367 TPM) | Effective: 1.9 tok/s 🚨 SLOW
  [10:14:38] [END] [Lua Scripter (Task task_7)] Execution complete.
  [FuzzyPatch] DEBUG: Exact match succeeded.
  [Real-time Patch] ✅ Applied 1/1 SEARCH/REPLACE block(s) to attractions/strongman/strongman.lua
  [Snapshot] ✓ luac-clean baseline updated for attractions/strongman/strongman.lua (5665 chars)
  [LedgerGuard] ⚠ Synthetic header prepended for Lua: [Implement_Cracked_Base_wobble_mechanic]
  [Thermal Pacing] Cooling down for 5.0s...

  ============================================================
  Processing Wave 8/11 (1 task(s))
  ============================================================
  [VRAM Lock] Setting keep_alive=15m for task_8 (Lua)
  VRAM stub: attractions/_REFERENCE/REFERENCE.lua (5691 chars -> stub)
  VRAM stub: attractions/_shared/attraction_constants.lua (2872 chars -> stub)
  Read: attractions/booth_shared.lua (712 chars)
  Read 3 files from attractions/
  VRAM stub: attractions/_shared/attraction_constants.lua (2872 chars -> stub)
  Read 1 files from attractions/_shared/
  VRAM stub: docs/engine_lua_bridge_contract.md (11596 chars -> stub)
  VRAM stub: docs/rules_lua.md (6092 chars -> stub)
  Read: init.lua (517 chars)
  Read: modifier_state.json (162 chars)
  [Context Extractor] Deterministic attraction match (header): 'The Strongman High Striker'
  [Context Extractor] Deterministic cross-cutting: '3. The Dual-Currency Economy & Streak Protocol'
  [GDD Re-extract] Task 'task_8': 4645 -> 2257 chars (task-keyed extract, scope=NEW_ATTRACTION, attraction='strongman')
  [Staging File] Injected 2826-char staging block for attractions/strongman/strongman.lua (full file 5665 chars) into 'Lua' prompt
  [KV Cache] shared prefix ≈ 7859 chars; tail ≈ 11933 chars; no truncation

============================================================
  [10:14:44] [START] [Lua Scripter (Task task_8)] Calling Ollama (qwen3.5:9b) [stateless]...
  [VRAM Guard] num_ctx=32768, user=19794 chars
============================================================
  [Stable ctx] num_ctx=32768 (pinned to model ceiling)

============================================================
  [10:14:44] [START] [Lua Scripter (Task task_8)] Calling Ollama (qwen3.5:9b) [STREAMING]...
============================================================
  [MemGPT] Context store initialised (session=d924148d36cb)
<<<<<<< SEARCH
    -- [TASK_6_INSERT_HOOK] -- input handling / aiming mechanism setup
=======
    -- Rusty Rails: Apply dynamic friction based on modifier
    local MOD = AttractionConstants.modifiers
    if MOD.heat > 0 then
        local friction_val = 0.01 + MOD.heat * 0.015
        MidwayPhysics.SetFriction(puck, friction_val)
    else
        MidwayPhysics.SetFriction(puck, 0.001)
    end
    -- Reset friction to default if swing cooldown is active (cycle complete)
    if swing_cooldown < 0 then
        MidwayPhysics.SetFriction(puck, 0.001)
    end
    -- [TASK_6_INSERT_HOOK] -- input handling / aiming mechanism setup
>>>>>>> REPLACE  [Telemetry] Lua Scripter (Task task_8) (qwen3.5:9b)  TTFT: 57.72s | Speed: 6.0 tok/s (360 TPM) | Effective: 1.8 tok/s 🚨 SLOW
  [10:16:06] [END] [Lua Scripter (Task task_8)] Execution complete.
  [FuzzyPatch] DEBUG: Exact match succeeded.
  [Real-time Patch] ✅ Applied 1/1 SEARCH/REPLACE block(s) to attractions/strongman/strongman.lua
  [Snapshot] ✓ luac-clean baseline updated for attractions/strongman/strongman.lua (6132 chars)
  [LedgerGuard] ⚠ Synthetic header prepended for Lua: [Add_Rusty_Rails_friction_system]
  [Thermal Pacing] Cooling down for 5.0s...

  ============================================================
  Processing Wave 9/11 (1 task(s))
  ============================================================
  [VRAM Lock] Setting keep_alive=15m for task_9 (Lua)
  VRAM stub: attractions/_REFERENCE/REFERENCE.lua (5691 chars -> stub)
  VRAM stub: attractions/_shared/attraction_constants.lua (2872 chars -> stub)
  Read: attractions/booth_shared.lua (712 chars)
  Read 3 files from attractions/
  VRAM stub: attractions/_shared/attraction_constants.lua (2872 chars -> stub)
  Read 1 files from attractions/_shared/
  VRAM stub: docs/engine_lua_bridge_contract.md (11596 chars -> stub)
  VRAM stub: docs/rules_lua.md (6092 chars -> stub)
  Read: init.lua (517 chars)
  [Context Extractor] Deterministic attraction match (header): 'The Strongman High Striker'
  [Context Extractor] Deterministic cross-cutting: '3. The Dual-Currency Economy & Streak Protocol'
  [GDD Re-extract] Task 'task_9': 4645 -> 2257 chars (task-keyed extract, scope=NEW_ATTRACTION, attraction='strongman')
  [Staging File] Injected 3120-char staging block for attractions/strongman/strongman.lua (full file 6132 chars) into 'Lua' prompt
  [KV Cache] shared prefix ≈ 7859 chars; tail ≈ 12501 chars; no truncation

============================================================
  [10:16:11] [START] [Lua Scripter (Task task_9)] Calling Ollama (qwen3.5:9b) [stateless]...
  [VRAM Guard] num_ctx=32768, user=20362 chars
============================================================
  [Stable ctx] num_ctx=32768 (pinned to model ceiling)

============================================================
  [10:16:11] [START] [Lua Scripter (Task task_9)] Calling Ollama (qwen3.5:9b) [STREAMING]...
============================================================
  [MemGPT] Context store initialised (session=11c0ff188b85)
<<<<<<< SEARCH
    -- [TASK_9_INSERT_HOOK] -- advanced modifier read: AttractionConstants.modifiers every OnStep frame, compute dynamic heat/luck/sleight-of-hand effects per game event
=======
    local MOD = AttractionConstants.modifiers
    if IsSensorTriggered(bell_sensor) then
        current_streak = current_streak + 1
    else
        current_streak = 0
    end
    -- [TASK_9_INSERT_HOOK] -- advanced modifier read: AttractionConstants.modifiers every OnStep frame, compute dynamic heat/luck/sleight-of-hand effects per game event
>>>>>>> REPLACE  [Telemetry] Lua Scripter (Task task_9) (qwen3.5:9b)  TTFT: 58.60s | Speed: 6.7 tok/s (403 TPM) | Effective: 1.5 tok/s 🚨 SLOW
  [10:17:27] [END] [Lua Scripter (Task task_9)] Execution complete.
  [FuzzyPatch] DEBUG: Exact match succeeded.
  [Real-time Patch] ✅ Applied 1/1 SEARCH/REPLACE block(s) to attractions/strongman/strongman.lua
  [Snapshot] ✓ luac-clean baseline updated for attractions/strongman/strongman.lua (6309 chars)
  [LedgerGuard] ⚠ Synthetic header prepended for Lua: [Implement_Echo_Strikes_rhythm_tracking]
  [Thermal Pacing] Cooling down for 5.0s...

  ============================================================
  Processing Wave 10/11 (1 task(s))
  ============================================================
  [VRAM Lock] Setting keep_alive=15m for task_10 (Lua)
  VRAM stub: attractions/_REFERENCE/REFERENCE.lua (5691 chars -> stub)
  VRAM stub: attractions/_shared/attraction_constants.lua (2872 chars -> stub)
  Read: attractions/booth_shared.lua (712 chars)
  Read 3 files from attractions/
  VRAM stub: attractions/_shared/attraction_constants.lua (2872 chars -> stub)
  Read 1 files from attractions/_shared/
  VRAM stub: docs/engine_lua_bridge_contract.md (11596 chars -> stub)
  VRAM stub: docs/rules_lua.md (6092 chars -> stub)
  Read: init.lua (517 chars)
  [Context Extractor] Deterministic attraction match (header): 'The Strongman High Striker'
  [Context Extractor] Deterministic cross-cutting: '3. The Dual-Currency Economy & Streak Protocol'
  [GDD Re-extract] Task 'task_10': 4645 -> 2257 chars (task-keyed extract, scope=NEW_ATTRACTION, attraction='strongman')
  [Staging File] Injected 3033-char staging block for attractions/strongman/strongman.lua (full file 6309 chars) into 'Lua' prompt
  [KV Cache] shared prefix ≈ 7859 chars; tail ≈ 12659 chars; no truncation

============================================================
  [10:17:32] [START] [Lua Scripter (Task task_10)] Calling Ollama (qwen3.5:9b) [stateless]...
  [VRAM Guard] num_ctx=32768, user=20520 chars
============================================================
  [Stable ctx] num_ctx=32768 (pinned to model ceiling)

============================================================
  [10:17:32] [START] [Lua Scripter (Task task_10)] Calling Ollama (qwen3.5:9b) [STREAMING]...
============================================================
  [MemGPT] Context store initialised (session=4b367c629022)
<<<<<<< SEARCH
    -- [TASK_10_INSERT_HOOK] -- advanced economy hooks: Engine.AwardTickets or Engine.AwardTokens with streak multiplier on each score event, wire modifier scalars into payout
=======
    end
    if IsSensorTriggered(bell_sensor) then
        local lx, ly, lz = MidwayPhysics.GetPosition(puck)
        local height = ly + bell_height_offset
        local streak = Engine.GetStreak()
        local tickets = math.floor(50 + (height * 10) * streak)
        Engine.AwardTickets(tickets, 'WIN')
        Engine.AwardTokens(height * 5, 'BONUS')
        -- [TASK_9_INSERT_HOOK]
        local MOD = AttractionConstants.modifiers
        rail_friction = SpawnSensorBox(MOD.sleight_of_hand * 0.1, 0.5, height, MOD.mass, MOD.heat, MOD.volume)
        bell_sensor = SpawnSensorSphere(MOD.friction * 0.2, height, MOD.luck)
        current_streak = 0
    end
    -- [TASK_8_INSERT_HOOK]
    if IsActionDown('fire') then
        ApplyImpulse(mallet, 0, 0, MOD.power * mallet_integrity)
        ApplyImpulse(puck, MOD.friction * 0.2, MOD.heat, MOD.luck)
        AddLinearVelocity(puck, 0, MOD.mass, MOD.nerve)
        swing_cooldown = MOD.karma * 0.5
    end
    -- [TASK_7_INSERT_HOOK]
    spring_tension = spring_tension + (MOD.sleight_of_hand * 0.05)
    spring_kinematic = SpawnKinematicBox(0, 0, spring_tension, spring_tension * MOD.heat, MOD.volume, MOD.friction)
    bell_height_offset = bell_height_offset + (MOD.karma * 0.1)
    current_streak = current_streak + 1
    -- [TASK_6_INSERT_HOOK]
    bell_sensor = SpawnSensorSphere(MOD.luck, 0.5, MOD.heat * bell_height_offset)
    -- [TASK_5_INSERT_HOOK]
    bell_sensor = SpawnSensorSphere(MOD.luck, bell_height_offset, MOD.volume)
    -- [TASK_4_INSERT_HOOK]
    local MOD = AttractionConstants.modifiers
    rail_friction = SpawnSensorBox(MOD.friction * 0.1, 0.5, MOD.heat, MOD.mass, MOD.nerve, MOD.karma)
    bell_sensor = SpawnSensorSphere(MOD.volume, MOD.heat * bell_height_offset, MOD.luck)
    -- [TASK_3_INSERT_HOOK]
    bell_sensor = SpawnSensorSphere(MOD.volume, MOD.heat * bell_height_offset, MOD.luck)
    -- [TASK_2_INSERT_HOOK]
    local MOD = AttractionConstants.modifiers
    bell_sensor = SpawnSensorSphere(MOD.volume, bell_height_offset, MOD.luck)
    -- [TASK_1_INSERT_HOOK]
    local MOD = AttractionConstants.modifiers
    rail_friction = SpawnSensorBox(MOD.friction * 0.1, 0.5, MOD.heat, MOD.mass, MOD.nerve, MOD.karma)
    bell_sensor = SpawnSensorSphere(MOD.volume, MOD.heat * bell_height_offset, MOD.luck)
    -- [TASK_0_INSERT_HOOK]
    local MOD = AttractionConstants.modifiers
    bell_sensor = SpawnSensorSphere(MOD.volume, bell_height_offset, MOD.luck)
    bell_sensor = SpawnSensorSphere(MOD.volume, bell_height_offset, MOD.luck)
=======
    -- [TASK_10_INSERT_HOOK] -- advanced economy hooks: Engine.AwardTickets or Engine.AwardTokens with streak multiplier on each score event, wire modifier scalars into payout
=======
    end
    if IsSensorTriggered(bell_sensor) then
        local lx, ly, lz = MidwayPhysics.GetPosition(puck)
        local height = ly + bell_height_offset
        local streak = Engine.GetStreak()
        local tickets = math.floor(50 + (height * 10) * streak)
        Engine.AwardTickets(tickets, 'WIN')
        Engine.AwardTokens(height * 5, 'BONUS')
        local MOD = AttractionConstants.modifiers
        current_streak = 0
        swing_cooldown = 0.0
    elseif swing_cooldown > 0 then
        swing_cooldown = swing_cooldown - 1.0
        if swing_cooldown <= 0 then
            bell_sensor = nil
        end
    end
>>>>>>> REPLACE  [Telemetry] Lua Scripter (Task task_10) (qwen3.5:9b)  TTFT: 58.26s | Speed: 5.2 tok/s (311 TPM) | Effective: 3.8 tok/s
  [10:21:17] [END] [Lua Scripter (Task task_10)] Execution complete.
  [FuzzyPatch] DEBUG: Exact match succeeded.
  [Real-time Patch] ✅ Applied 1/1 SEARCH/REPLACE block(s) to attractions/strongman/strongman.lua
  [Anchor Verifier] 🔧 Post-patch re-injected '-- [TASK_10_INSERT_HOOK] -- advanced economy hooks: Engine.AwardTickets or Engine.AwardTokens with streak multiplier on each score event, wire modifier scalars into payout' into attractions/strongman/strongman.lua
  [Snapshot] ✓ luac-clean baseline updated for attractions/strongman/strongman.lua (6939 chars)
  [LedgerGuard] ⚠ Synthetic header prepended for Lua: [Clean_up_temporary_sensor_triggers]
  [Thermal Pacing] Cooling down for 5.0s...

  ============================================================
  Processing Wave 11/11 (1 task(s))
  ============================================================
  [VRAM Lock] Setting keep_alive=15m for task_11 (Lua)
  VRAM stub: attractions/_REFERENCE/REFERENCE.lua (5691 chars -> stub)
  VRAM stub: attractions/_shared/attraction_constants.lua (2872 chars -> stub)
  Read: attractions/booth_shared.lua (712 chars)
  Read 3 files from attractions/
  VRAM stub: attractions/_shared/attraction_constants.lua (2872 chars -> stub)
  Read 1 files from attractions/_shared/
  VRAM stub: docs/engine_lua_bridge_contract.md (11596 chars -> stub)
  VRAM stub: docs/rules_lua.md (6092 chars -> stub)
  Read: init.lua (517 chars)
  Read: modifier_state.json (162 chars)
  [Context Extractor] Deterministic attraction match (header): 'The Strongman High Striker'
  [Context Extractor] Deterministic cross-cutting: '3. The Dual-Currency Economy & Streak Protocol'
  [GDD Re-extract] Task 'task_11': 4645 -> 2257 chars (task-keyed extract, scope=NEW_ATTRACTION, attraction='strongman')
  [Staging File] Injected 2792-char staging block for attractions/strongman/strongman.lua (full file 6939 chars) into 'Lua' prompt
  [KV Cache] shared prefix ≈ 7859 chars; tail ≈ 12658 chars; no truncation

============================================================
  [10:21:23] [START] [Lua Scripter (Task task_11)] Calling Ollama (qwen3.5:9b) [stateless]...
  [VRAM Guard] num_ctx=32768, user=20519 chars
============================================================
  [Stable ctx] num_ctx=32768 (pinned to model ceiling)

============================================================
  [10:21:23] [START] [Lua Scripter (Task task_11)] Calling Ollama (qwen3.5:9b) [STREAMING]...
============================================================
  [MemGPT] Context store initialised (session=278441534e1f)
<<<<<<< SEARCH
  -- [TASK_11_INSERT_HOOK] -- cleanup & diagnostics (DestroyDynamicBody, print stats)
  -- [TASK_11_INSERT_HOOK] -- cleanup & diagnostics (DestroyDynamicBody, print stats)
=======
  -- [TASK_11_INSERT_HOOK] -- cleanup & diagnostics (DestroyDynamicBody, print stats)
    print("=== Strongman Attraction Unload ===")
    print("Puck Pool Active Count:", MidwayPhysics.PoolTotal("puck_pool_pool"))
    print("Current Streak:", Engine.GetStreak())
    print("Mallet Integrity:", tostring(mallet_integrity))
    print("Bell Height Offset:", tostring(bell_height_offset))
    print("Puck Mass:", tostring(puck_mass))
    print("Spring Tension:", tostring(spring_tension))
    print("Active Sensors:", tostring(IsSensorTriggered(bell_sensor)), tostring(IsSensorTriggered(rail_friction)))
    MidwayPhysics.DestroyBody(mallet)
    MidwayPhysics.DestroyBody(puck)
    MidwayPhysics.PoolFree("puck_pool_pool")
>>>>>>> REPLACE  [Telemetry] Lua Scripter (Task task_11) (qwen3.5:9b)  TTFT: 33.91s | Speed: 6.1 tok/s (366 TPM) | Effective: 3.1 tok/s
  [10:22:31] [END] [Lua Scripter (Task task_11)] Execution complete.
  [FuzzyPatch] DEBUG: Exact match failed  trying fuzzy (normalize+slide)...
  [FuzzyPatch] DEBUG: Fuzzy (normalize+slide) failed  trying normalized-content match...
  [FuzzyPatch] WARNING: No match found after all fallbacks. Search preview: '  -- [TASK_11_INSERT_HOOK] -- cleanup & diagnostics (DestroyDynamicBody, print s'
  [Real-time Patch] ⚠ SEARCH block not found in attractions/strongman/strongman.lua: '  -- [TASK_11_INSERT_HOOK] -- cleanup & diagnostics (DestroyDynamicBody, print s...'  (block 1 of 1 skipped)
  [LedgerGuard] ⚠ Synthetic header prepended for Lua: [Implement_OnUnload_print_diagnostic_logs]
  [Thermal Pacing] Cooling down for 5.0s...
  [Merge] SKIPPED — shared-file merge abolished (real-time patch mode).
  [Staging FS] ✅ Staging enabled  writes redirected to C:\Users\Admin\source\repos\midway\.staging_workspace
  [Staging FS] 🛡 Virtual staging activated  native source tree protected

======================================================================
  Phase 6: Integration Review & Fix Loop
======================================================================
  [Pre-Flight] Flushing results to workspace before compilation...
  [Post-Process Fix #3] converted 12 to TODO pipeline artifact(s)
  [Post-Process Fix #11] Collapsed 4 prose comment-monologue line(s)
  [Post-Process Fix #6] Added MidwayPhysics. prefix to 9 call(s) (from 57 contract symbols)
  [Post-Process Fix #8] Commented out 5 phantom colon-call line(s)
  [Post-Process Fix #17] Collapsed 1 duplicate SpawnSharedBooth() call(s)
  [Post-Process] ✅ Cleaned strongman.lua (6939 -> 6784 chars)
  [Pre-Flight] ✅ SEARCH/REPLACE applied globally to attractions/strongman/strongman.lua via task_1
  [Pre-Flight] ✅ SEARCH/REPLACE applied globally to attractions/strongman/strongman.lua via task_2
  [Pre-Flight] ✅ SEARCH/REPLACE applied globally to attractions/strongman/strongman.lua via task_3
  [Pre-Flight] ✅ SEARCH/REPLACE applied globally to attractions/strongman/strongman.lua via task_4
  [Pre-Flight] ✅ SEARCH/REPLACE applied globally to attractions/strongman/strongman.lua via task_5
  [Pre-Flight] ✅ SEARCH/REPLACE applied globally to attractions/strongman/strongman.lua via task_6
  [Pre-Flight] ✅ SEARCH/REPLACE applied globally to attractions/strongman/strongman.lua via task_7
  [Pre-Flight] ✅ SEARCH/REPLACE applied globally to attractions/strongman/strongman.lua via task_8
  [Pre-Flight] ✅ SEARCH/REPLACE applied globally to attractions/strongman/strongman.lua via task_9
  [Pre-Flight] ✅ SEARCH/REPLACE applied globally to attractions/strongman/strongman.lua via task_10
  [Pre-Flight] ✅ SEARCH/REPLACE applied globally to attractions/strongman/strongman.lua via task_11
  [Static Guard] ❌ Task task_1 [Lua]: bare 'IsActionDown()' - missing MidwayInput. namespace prefix
  [Static Guard] ❌ Task task_1 [Lua]: static cache of modifiers at module/OnLoad scope (`MOD`)
  [Static Guard] ❌ Task task_2 [Lua]: SpawnStaticBox arg count 7≠6..6
  [Static Guard] ❌ Task task_2 [Lua]: SpawnStaticCapsule arg count 6≠5..5
  [Static Guard] ❌ Task task_2 [Lua]: SpawnSensorBox arg count 7≠6..6
  [Static Guard] ❌ Task task_2 [Lua]: SpawnKinematicCapsule arg count 6≠5..5
  [Coverage Check] 📋 2 design checklist item(s) appear missing.
  [Pre-Flight] No CMakeCache.txt found  skipping cmake build check.
  [luac] Ownership map built: 2 key(s) for 11 task(s) - keys=['attractions/strongman/strongman.lua', 'strongman.lua']
  [luac] ✅ init.lua  syntax OK
  [luac] ✅ init_attractions_notes.lua  syntax OK
  [luac] ⚠ Skipping unowned file skeeball.lua (line 2) (not a generated pipeline output  ignoring to prevent false-positive arch-fix)
  [luac] ✅ booth_shared.lua  syntax OK
  [luac] ✅ strongman.lua  syntax OK
  [luac] ✅ coin_cascade.lua  syntax OK
  [luac] ✅ crumblingfacade.lua  syntax OK
  [luac] ✅ game.lua  syntax OK
  [luac] ✅ plinko.lua  syntax OK
  [luac] ✅ skeeball.lua  syntax OK
  [luac] ✅ strongman.lua  syntax OK
  [luac] ✅ REFERENCE.lua  syntax OK
  [luac] ✅ attraction_constants.lua  syntax OK
  [RuntimeSim] ⛔ 5 runtime error(s) detected.
  [Pre-Flight] Syntax errors detected. Forcing Architect Syntax Fix (per-domain).
  [Req Oracle] ⚠ oracle skipped — using deterministic brief for task_2.
  [Adaptive ctx] Input ~4702 tok → KV cache pinned at 32768 (stable allocation, no resize).

============================================================
  [10:22:42] [START] [Architect Syntax Fix [Lua]] Calling Ollama (qwen3.5:9b)...
  [VRAM Guard] num_ctx=32768, user=8277 chars
============================================================
  [Stable ctx] num_ctx=32768 (pinned to model ceiling)

============================================================
  [10:22:42] [START] [Architect Syntax Fix [Lua]] Calling Ollama (qwen3.5:9b) [STREAMING]...
============================================================
  [MemGPT] Context store initialised (session=2755375524cc)
  [Watchdog] ⚠ ❌ Midway: error burst — 7 error lines in the recent log.
<fix-plan>
Error 1 (task_1): Missing MidwayInput. prefix on IsActionDown, missing local variable declarations for engine_mod_* constants, and missing proper lifecycle logic (OnLoadStatic spawn, OnLoad register, OnUnload cleanup).
Error 2 (task_2): Empty scaffolds need proper implementation using Approved Bridge APIs, including MidwayInput.IsActionDown calls and correct SpawnStatic/MidwayPhysics.OnStep patterns.
</fix-plan>

### task_1
```lua
local spring_tension = 1.0
local bell_height_offset = 0.0
local mallet_integrity = 1.0
local puck_pool = "puck_pool"

function OnLoadStatic()
    MidwayPhysics.SpawnStaticBox(0, 0, 0, 2, 2, 2)
end

function OnLoad()
    MidwayPhysics.OnStep(function(dt)
        local MOD = AttractionConstants.modifiers
        local is_firing = MidwayInput.IsActionDown("fire")
        if is_firing then
            MidwayInput.IsActionDown("power_up")
            local p = MidwayPhysics.GetPosition(1)
            MidwayPhysics.SetLinearVelocity(1, 0, 0, 1)
        end
        spring_tension = spring_tension + MOD.engine_mod_heat * dt
        bell_height_offset = bell_height_offset + MOD.engine_mod_karma * dt
        mallet_integrity = mallet_integrity + MOD.engine_mod_luck * dt
    end)
end

function OnUnload()
    MidwayPhysics.DestroyBody(1)
end
```

### task_2
```lua
function OnLoadStatic()
    MidwayPhysics.SpawnStaticBox(0, 0, 0, 10, 10, 10)
    MidwayPhysics.SpawnStaticCapsule(5, 5, 0, 5, 2)
    MidwayPhysics.SpawnStaticCylinder(0, 0, 0, 5, 3)
end

function OnLoad()
    MidwayPhysics.OnStep(function(dt)
        local MOD = AttractionConstants.modifiers
        local fire = MidwayInput.IsActionDown("fire")
        local aim_left = MidwayInput.IsActionDown("aim_left")
        local aim_right = MidwayInput.IsActionDown("aim_right")
        if fire then
            MidwayPhysics.AddLinearVelocity(1, 0, 0, 10)
            if aim_left then
                MidwayPhysics.SetAngularDamping(1, 0.1)
            end
            if aim_right then
                MidwayPhysics.SetAngularDamping(1, -0.1)
            end
        end
    end)
end

function OnUnload()
    MidwayPhysics.DestroyBody(1)
end
```  [Telemetry] Architect Syntax Fix [Lua] (qwen3.5:9b)  TTFT: 48.17s | Speed: 5.2 tok/s (310 TPM) | Effective: 3.5 tok/s
  [10:25:08] [END] [Architect Syntax Fix [Lua]] Execution complete.
  [Arch Fix] 🔀 task_1 (Lua) redefined ['OnLoad', 'OnLoadStatic', 'OnUnload'] — stripped wrappers, keeping 402 chars of game logic.
  [Arch Fix] ✅ Applied fix for task_1 (Lua)
  [APILedger] ✓ 1 signature(s) from [Lua] appended to internal_api_ledger.md
  [Arch Fix] 🔀 task_2 (Lua) redefined ['OnLoad', 'OnLoadStatic', 'OnUnload'] — stripped wrappers, keeping 173 chars of game logic.
  [Arch Fix] ✅ Applied fix for task_2 (Lua)
  [Pre-Flight] Re-validating after arch-fix to clear resolved errors...
  [Post-Process Fix #3] converted 12 to TODO pipeline artifact(s)
  [Post-Process Fix #11] Collapsed 4 prose comment-monologue line(s)
  [Post-Process Fix #6] Added MidwayPhysics. prefix to 9 call(s) (from 57 contract symbols)
  [Post-Process Fix #8] Commented out 5 phantom colon-call line(s)
  [Post-Process Fix #17] Collapsed 1 duplicate SpawnSharedBooth() call(s)
  [Post-Process] ✅ Cleaned strongman.lua (6939 -> 6784 chars)
  [Pre-Flight] NO CODE BLOCK detected for task task_9  injecting fix demand.
  [Pre-Flight] NO CODE BLOCK detected for task task_10  injecting fix demand.
  [Pre-Flight] NO CODE BLOCK detected for task task_11  injecting fix demand.
  [Post-Process Fix #3] converted 12 to TODO pipeline artifact(s)
  [Post-Process Fix #11] Collapsed 4 prose comment-monologue line(s)
  [Post-Process Fix #6] Added MidwayPhysics. prefix to 9 call(s) (from 57 contract symbols)
  [Post-Process Fix #8] Commented out 5 phantom colon-call line(s)
  [Post-Process Fix #17] Collapsed 1 duplicate SpawnSharedBooth() call(s)
  [Post-Process] ✅ Cleaned strongman.lua (6939 -> 6784 chars)
  [Pre-Flight] NO CODE BLOCK detected for task task_9  injecting fix demand.
  [Pre-Flight] NO CODE BLOCK detected for task task_10  injecting fix demand.
  [Pre-Flight] NO CODE BLOCK detected for task task_11  injecting fix demand.
  [Pre-Flight] ⚠ 0 violation(s) remain after arch-fix.

  [Review-Fix] Cycle 1/4
  [Review Budget] ✅ All 11 task(s) inlined (4474 chars/task budget).
  [Bridge Contract] ✅ Injected 3000 chars of approved API list into reviewer context.
  [Compile Gate] No CMakeCache.txt  skipping physical compilation check.
  [Review-Fix] Deterministic verdict: FAIL.
  [Review-Fix] Verdict: FAIL
  [Review-Fix] Review failed  routing critiques to original domain agents...
    Routing critique for task_9 to Lua
  [Adaptive ctx] Input ~5349 tok → KV cache pinned at 32768 (stable allocation, no resize).

============================================================
  [10:25:10] [START] [Lua (Fix cycle 1)] Calling Ollama (qwen3.5:9b)...
  [VRAM Guard] num_ctx=32768, user=10219 chars
============================================================
  [Stable ctx] num_ctx=32768 (pinned to model ceiling)

============================================================
  [10:25:10] [START] [Lua (Fix cycle 1)] Calling Ollama (qwen3.5:9b) [STREAMING]...
============================================================
  [MemGPT] Context store initialised (session=8c3cffbf0a32)
<fix-plan>
  Error 1→27: Remove duplicate `local MOD` read; keep single frame read.
  Error 2→77-83: Fix `MidwayPhysics.MoveKinematic` arg count (2→5).
  Error 3→88: Fix `MidwayInput.IsActionDown` nil call.
  Error 4→Task 6/7: Reimplement bell curse logic and echo strike correctly.
  Error 5→Tasks 2/8/9/10: Implement missing OnLoadStatic, friction, streak, and awards hooks.
</fix-plan>

<<<<<<< SEARCH
    MidwayPhysics.OnStep(function(dt)
        local MOD = AttractionConstants.modifiers  -- INSIDE callback
    local MOD = AttractionConstants.modifiers
    if IsActionDown("fire") then
=======
    MidwayPhysics.OnStep(function(dt)
        local MOD = AttractionConstants.modifiers
    local MOD = AttractionConstants.modifiers
    if MidwayInput.IsActionDown("fire") then
>>>>>>> REPLACE

<<<<<<< SEARCH
    local bell_base_y = 4.0  -- typical bell target height on tower
    local CURSE_CHANCE = 0.005  -- 0.5% chance per frame (tuned per attr speed)
    if rand() and rand() < CURSE_CHANCE then
        local offset = math.random(-1.0, 1.0)
        bell_height_offset = bell_height_offset + offset
    end
    if bell_sensor and spring_kinematic and bell_base_y then
        MidwayPhysics.MoveKinematic(spring_kinematic,
-- [PHANTOM COLON-CALL] spring_kinematic:MidwayPhysics.GetPosition(1),
-- [PHANTOM COLON-CALL] spring_kinematic:MidwayPhysics.GetPosition(2) + bell_height_offset,
-- [PHANTOM COLON-CALL] spring_kinematic:MidwayPhysics.GetPosition(3),
            1.0)
    end
=======
    local bell_base_y = 4.0
    local CURSE_CHANCE = 0.005
    if bell_height_offset == nil then bell_height_offset = 0 end
    if rand() and rand() < CURSE_CHANCE then
        local offset = math.random(-1.0, 1.0)
        bell_height_offset = bell_height_offset + offset
    end
    if bell_sensor and spring_kinematic and bell_base_y then
        local pos = MidwayPhysics.GetPosition(spring_kinematic)
        MidwayPhysics.MoveKinematic(spring_kinematic, pos[1], pos[2], pos[3] + bell_height_offset, dt)
    end
>>>>>>> REPLACE

<<<<<<< SEARCH
    if MidwayPhysics.IsSensorTriggered(bell_sensor) then
        current_streak = current_streak + 1
    else
        current_streak = 0
    end
    -- TODO [TASK_9]: advanced modifier read: AttractionConstants.modifiers every OnStep frame, compute dynamic heat/luck/sleight-of-hand effects per game event
    -- TODO [TASK_10]: advanced economy hooks: Engine.AwardTickets or Engine.AwardTokens with streak multiplier on each score event, wire modifier scalars into payout
    end
=======
    if MidwayPhysics.IsSensorTriggered(bell_sensor) then
        current_streak = current_streak + 1
    else
        current_streak = 0
    end
    Engine.AwardTickets(current_streak, "streak_bonus")
    end
>>>>>>> REPLACE

<<<<<<< SEARCH
        MidwayPhysics.SetFriction(rail_friction, friction)
=======
        MidwayPhysics.SetFriction(puck, friction)
>>>>>>> REPLACE  [Telemetry] Lua (Fix cycle 1) (qwen3.5:9b)  TTFT: 49.02s | Speed: 5.2 tok/s (315 TPM) | Effective: 3.8 tok/s
  [10:28:08] [END] [Lua (Fix cycle 1)] Execution complete.
  [FuzzyPatch] DEBUG: Exact match succeeded.
  [FuzzyPatch] DEBUG: Exact match succeeded.
  [FuzzyPatch] DEBUG: Exact match succeeded.
  [FuzzyPatch] DEBUG: Exact match succeeded.
  [Post-Process Fix #8] Commented out 2 phantom colon-call line(s)
  [Post-Process Fix #8] Commented out 2 phantom colon-call line(s)
  [Post-Process] ✅ Cleaned strongman.lua (6381 -> 6429 chars)
  [Anchor Fix] ✅ Applied 4 SEARCH/REPLACE block(s) for task_9 to attractions/strongman/strongman.lua (6381 chars).

============================================================
  Phase B: Deterministic Post-Processor
============================================================
  [Post-Process Fix #9] Canonicalized 3 modifier key(s), neutralized 0 unknown key(s) to 1.0
  [Post-Process Fix #19] Auto-declared 1 read-before-write scalar(s): dt
  [Post-Process Fix #4] Injected missing OnLoadStatic()
  [Post-Process Fix #5] Injected missing local SLOT_ID
  [Post-Process Fix #19] Auto-declared 1 read-before-write scalar(s): aim_right
  [Post-Process Fix #4] Injected missing OnLoadStatic()
  [Post-Process Fix #5] Injected missing local SLOT_ID
  [Post-Process Fix #3] converted 4 to TODO pipeline artifact(s)
  [Post-Process Fix #19] Auto-declared 1 read-before-write scalar(s): puck_mass
  [Post-Process Fix #4] Injected missing OnLoadStatic()
  [Post-Process Fix #5] Injected missing local SLOT_ID
  [Post-Process Fix #3] converted 1 to TODO pipeline artifact(s)
  [Post-Process Fix #2] Removed 1 module-level MOD caching line(s)
  [Post-Process Fix #6] Added MidwayPhysics. prefix to 4 call(s) (from 57 contract symbols)
  [Post-Process Fix #19] Auto-declared 1 read-before-write scalar(s): mallet_integrity
  [Post-Process Fix #4] Injected missing OnLoadStatic()
  [Post-Process Fix #5] Injected missing local SLOT_ID
  [Post-Process Fix #10] Auto-declared 3 physics handle(s): mallet, puck, rail_friction
  [Post-Process Fix #3] converted 1 to TODO pipeline artifact(s)
  [Post-Process Fix #6] Added MidwayPhysics. prefix to 1 call(s) (from 57 contract symbols)
  [Post-Process Fix #20] Localized 3 leaked global assignment(s): bell_height_offset, bell_sensor, puck
  [Post-Process Fix #4] Injected missing OnLoadStatic()
  [Post-Process Fix #5] Injected missing local SLOT_ID
  [Post-Process Fix #10] Auto-declared 1 physics handle(s): rail_friction
  [Post-Process Fix #3] converted 1 to TODO pipeline artifact(s)
  [Post-Process Fix #2] Removed 1 module-level MOD caching line(s)
  [Post-Process Fix #6] Added MidwayPhysics. prefix to 3 call(s) (from 57 contract symbols)
  [Post-Process Fix #8] Commented out 4 phantom colon-call line(s)
  [Post-Process Fix #20] Localized 1 leaked global assignment(s): bell_height_offset
  [Post-Process Fix #19] Auto-declared 1 read-before-write scalar(s): bell_sensor
  [Post-Process Fix #4] Injected missing OnLoadStatic()
  [Post-Process Fix #5] Injected missing local SLOT_ID
  [Post-Process Fix #10] Auto-declared 1 physics handle(s): spring_kinematic
  [Post-Process Fix #3] converted 2 to TODO pipeline artifact(s)
  [Post-Process Fix #4] Injected missing OnLoadStatic()
  [Post-Process Fix #5] Injected missing local SLOT_ID
  [Post-Process Fix #3] converted 1 to TODO pipeline artifact(s)
  [Post-Process Fix #2] Removed 1 module-level MOD caching line(s)
  [Post-Process Fix #19] Auto-declared 1 read-before-write scalar(s): swing_cooldown
  [Post-Process Fix #4] Injected missing OnLoadStatic()
  [Post-Process Fix #5] Injected missing local SLOT_ID
  [Post-Process Fix #10] Auto-declared 1 physics handle(s): puck
  [Post-Process Fix #20] Localized 2 leaked global assignment(s): bell_height_offset, current_streak
  [Post-Process Fix #19] Auto-declared 1 read-before-write scalar(s): friction
  [Post-Process Fix #4] Injected missing OnLoadStatic()
  [Post-Process Fix #5] Injected missing local SLOT_ID
  [Post-Process Fix #10] Auto-declared 3 physics handle(s): spring_kinematic, bell_sensor, puck
  [Post-Process Fix #3] converted 11 to TODO pipeline artifact(s)
  [Post-Process Fix #2] Removed 4 module-level MOD caching line(s)
  [Post-Process Fix #9] Canonicalized 0 modifier key(s), neutralized 1 unknown key(s) to 1.0
  [Post-Process Fix #6] Added MidwayPhysics. prefix to 18 call(s) (from 57 contract symbols)
  [Post-Process Fix #20] Localized 7 leaked global assignment(s): bell_height_offset, spring_kinematic, spring_tension, swing_cooldown, current_streak, rail_friction, bell_sensor
  [Post-Process Fix #19] Auto-declared 1 read-before-write scalar(s): mallet_integrity
  [Post-Process Fix #4] Injected missing OnLoadStatic()
  [Post-Process Fix #5] Injected missing local SLOT_ID
  [Post-Process Fix #10] Auto-declared 2 physics handle(s): puck, mallet
  [Post-Process Fix #3] converted 1 to TODO pipeline artifact(s)
  [Post-Process Fix #6] Added MidwayPhysics. prefix to 2 call(s) (from 57 contract symbols)
  [Post-Process Fix #19] Auto-declared 4 read-before-write scalar(s): bell_height_offset, mallet_integrity, spring_tension, puck_mass
  [Post-Process Fix #4] Injected missing OnLoadStatic()
  [Post-Process Fix #5] Injected missing local SLOT_ID
  [Post-Process Fix #10] Auto-declared 4 physics handle(s): bell_sensor, rail_friction, mallet, puck
  [Post-Process] Applied fixes to 11 Lua output(s)
  [Fix G] ✅ Auto-patched SpawnSensorSphere arg count (3→4) in task task_10
  [Fix G] ✅ Auto-patched SpawnSensorSphere arg count (3→4) in task task_10
  [Fix G] ✅ Auto-patched SpawnSensorSphere arg count (3→4) in task task_10
  [Fix G] ✅ Auto-patched SpawnSensorSphere arg count (3→4) in task task_10
  [Fix G] ✅ Auto-patched SpawnSensorSphere arg count (3→4) in task task_10
  [Fix G] ✅ Auto-patched SpawnSensorSphere arg count (3→4) in task task_10
  [Static Guard] ❌ Task task_10 [Lua]: SpawnSensorSphere arg count 1≠4..4
  [Fix G] ✅ Auto-patched SpawnSensorSphere arg count (3→4) in task task_10
  [Static Guard] ❌ Task task_10 [Lua]: SpawnSensorSphere arg count 1≠4..4
  [Post-Fix Preflight] ⚠ RuntimeSim still reports 5 error(s) after fix cycle 1.
  [Post-Fix Preflight] ⚠ Static guard still open after fix cycle 1  routing next review cycle with updated errors.

  [Review-Fix] Cycle 2/4
  [Review Budget] ✅ All 11 task(s) inlined (4474 chars/task budget).
  [Bridge Contract] ✅ Injected 3000 chars of approved API list into reviewer context.
  [Compile Gate] No CMakeCache.txt  skipping physical compilation check.
  [Review-Fix] Deterministic verdict: FAIL.
  [Review-Fix] Verdict: FAIL
  [Review-Fix] Review failed  routing critiques to original domain agents...
    Routing critique for task_10 to Lua
  [Adaptive ctx] Input ~6848 tok → KV cache pinned at 32768 (stable allocation, no resize).

============================================================
  [10:28:09] [START] [Lua (Fix cycle 2)] Calling Ollama (qwen3.5:9b)...
  [VRAM Guard] num_ctx=32768, user=14716 chars
============================================================
  [Stable ctx] num_ctx=32768 (pinned to model ceiling)

============================================================
  [10:28:09] [START] [Lua (Fix cycle 2)] Calling Ollama (qwen3.5:9b) [STREAMING]...
============================================================
  [MemGPT] Context store initialised (session=e746c9bfe060)
<fix-plan>
1. Fix `MidwayPhysics.SpawnSensorSphere` arity (was 1, needs 4 args: lx, ly, lz, radius).
2. Fix `MidwayPhysics.SpawnStaticBox` arity (was 7, needs 6: lx, ly, lz, w, h, d).
3. Fix `MidwayPhysics.SpawnStaticCapsule` arity (was 6, needs 5: lx, ly, lz, halfHeight, radius).
4. Fix `MidwayPhysics.SpawnSensorBox` arity (was 7, needs 6: lx, ly, lz, w, h, d).
5. Fix `MidwayPhysics.MoveKinematic` arity (was 0, needs 5: handle, lx, ly, lz, dt).
6. Remove bare global calls to `IsSensorTriggered` inside `OnLoad`; move logic inside `OnStep` where handles exist.
7. Add `local MOD = AttractionConstants.modifiers` inside `OnStep` callback to avoid caching.
</fix-plan>

<<<<<<< SEARCH
-- strongman.lua  —  Auto-generated by _build_skeleton.py
-- EDIT: Replace placeholders with game-specific logic.
-- DO NOT remove lifecycle functions (OnLoadStatic/OnLoad/OnUnload)
-- DO NOT remove SLOT_ID or SpawnSharedBooth()
-- DO NOT cache AttractionConstants.modifiers outside OnStep

-- ─── INVARIANT 1: Slot identity ────────────────────────

-- ─── INVARIANT 2: Constants table (placeholder values) ─

-- ─── MODULE-LEVEL STATE (shared across all lifecycle functions) ──
-- DECLARE all game state variables here so they are accessible from
-- OnLoadStatic, OnLoad, OnStep, and OnUnload.
-- local balls = {}         -- table of ball handles

-- local remainingBalls = 6 -- ball counter
-- local currentScore = 0   -- score accumulator
-- local aimAngle = 0.0     -- player aim direction
-- local powerLevel = 1.0   -- launch power
-- ─── DETERMINISTIC MODULE STATE (injected by Skeleton Builder) ──
local mallet = nil  -- physics handle (spawned in OnLoadStatic/OnLoad)
local puck = nil  -- physics handle (spawned in OnLoadStatic/OnLoad)
local tower_base = nil  -- physics handle (spawned in OnLoadStatic/OnLoad)
local bell_sensor = nil  -- physics handle (spawned in OnLoadStatic/OnLoad)
local rail_friction = nil  -- physics handle (spawned in OnLoadStatic/OnLoad)
local spring_kinematic = nil  -- physics handle (spawned in OnLoadStatic/OnLoad)
local puck_pool_pool = "puck_pool"  -- pool name string (PoolAcquire/PoolReturn)
local swing_cooldown = 0.0  -- task init_physics Frame counter for swing recharge or shock plate safety timer
local current_streak = 0  -- task economy_award Current active streak count for exponential multiplier
local puck_mass = 5.0  -- task mod_state Current puck mass affected by Weighted Puck modifier
  local spring_tension = 1.0  -- task mod_state Current spring tension value affecting rebound physics
  local bell_height_offset = 0.0  -- task mod_state Vertical offset for The Bell's Curse
  local mallet_integrity = 1.0  -- task mod_state Multiplier for mallet power lost due to Sabotaged Mallet splintering
  local puck_pool_pool = "puck_pool_pool"  -- Pool name for puck entity recycling

-- ─── INVARIANT 3: OnLoadStatic → SpawnSharedBooth ──────
-- ALL static geometry MUST go here
-- ─── INVARIANT 4: OnLoad → OnStep registration ─────────
-- ALL game logic and setup MUST go here
    -- Reset friction to default if swing cooldown is active (cycle complete)
    if swing_cooldown < 0 then
        MidwayPhysics.SetFriction(puck, 0.001)
    end
    
    MidwayPhysics.OnStep(function(dt)
        local MOD = AttractionConstants.modifiers  -- INSIDE callback
    local MOD = AttractionConstants.modifiers
    if IsActionDown("fire") then
        local swing_force = 10.0 * mallet_integrity * (1.0 + MOD.nerve * 0.1)
        local friction = 0.5 * (1.0 + MOD.friction * 0.2)
        local puck_vel = GetVelocity(mallet) * (1.0 + MOD.mass * 0.5)
        ApplyImpulse(mallet, 0, swing_force, 0)
        AddLinearVelocity(puck, puck_vel.x, puck_vel.y, puck_vel.z)
        SetFriction(rail_friction, friction)
    end
    
    local MOD = AttractionConstants.modifiers
    local bell_base_y = 4.0  -- typical bell target height on tower
    local CURSE_CHANCE = 0.005  -- 0.5% chance per frame (tuned per attr speed)
    if rand() and rand() < CURSE_CHANCE then
        local offset = math.random(-1.0, 1.0)
        bell_height_offset = bell_height_offset + offset
    end
    if bell_sensor and spring_kinematic and bell_base_y then
        MidwayPhysics.MoveKinematic(spring_kinematic,
            spring_kinematic:GetPosition(1),
            spring_kinematic:GetPosition(2) + bell_height_offset,
            spring_kinematic:GetPosition(3),
            1.0)
    end
    
    local MOD = AttractionConstants.modifiers
    if IsSensorTriggered(bell_sensor) then
        current_streak = current_streak + 1
    else
        current_streak = 0
    end
    
    
    end
    )
if IsSensorTriggered(bell_sensor) then
        local lx, ly, lz = MidwayPhysics.GetPosition(puck)
        local height = ly + bell_height_offset
        local streak = Engine.GetStreak()
        local tickets = math.floor(50 + (height * 10) * streak)
        Engine.AwardTickets(tickets, 'WIN')
        Engine.AwardTokens(height * 5, 'BONUS')
        local MOD = AttractionConstants.modifiers
        current_streak = 0
        swing_cooldown = 0.0
    elseif swing_cooldown > 0 then
        swing_cooldown = swing_cooldown - 1.0
        if swing_cooldown <= 0 then
            bell_sensor = nil
        end
    end
    end 
   

-- ─── INVARIANT 5: OnUnload ─────────────────────────────
function OnUnload()
    
end
=======
-- strongman.lua  —  Auto-generated by _build_skeleton.py
-- EDIT: Replace placeholders with game-specific logic.
-- DO NOT remove lifecycle functions (OnLoadStatic/OnLoad/OnUnload)
-- DO NOT remove SLOT_ID or SpawnSharedBooth()
-- DO NOT cache AttractionConstants.modifiers outside OnStep

-- ─── INVARIANT 1: Slot identity ────────────────────────

-- ─── INVARIANT 2: Constants table (placeholder values) ─

-- ─── MODULE-LEVEL STATE (shared across all lifecycle functions) ──
-- DECLARE all game state variables here so they are accessible from
-- OnLoadStatic, OnLoad, OnStep, and OnUnload.
-- local balls = {}         -- table of ball handles

-- local remainingBalls = 6 -- ball counter
-- local currentScore = 0   -- score accumulator
-- local aimAngle = 0.0     -- player aim direction
-- local powerLevel = 1.0   -- launch power
-- ─── DETERMINISTIC MODULE STATE (injected by Skeleton Builder) ──
local mallet = nil  -- physics handle (spawned in OnLoadStatic/OnLoad)
local puck = nil  -- physics handle (spawned in OnLoadStatic/OnLoad)
local tower_base = nil  -- physics handle (spawned in OnLoadStatic/OnLoad)
local bell_sensor = nil  -- physics handle (spawned in OnLoadStatic/OnLoad)
local rail_friction = nil  -- physics handle (spawned in OnLoadStatic/OnLoad)
local spring_kinematic = nil  -- physics handle (spawned in OnLoadStatic/OnLoad)
local puck_pool_pool = "puck_pool"  -- pool name string (PoolAcquire/PoolReturn)
local swing_cooldown = 0.0  -- task init_physics Frame counter for swing recharge or shock plate safety timer
local current_streak = 0  -- task economy_award Current active streak count for exponential multiplier
local puck_mass = 5.0  -- task mod_state Current puck mass affected by Weighted Puck modifier
local spring_tension = 1.0  -- task mod_state Current spring tension value affecting rebound physics
local bell_height_offset = 0.0  -- task mod_state Vertical offset for The Bell's Curse
local mallet_integrity = 1.0  -- task mod_state Multiplier for mallet power lost due to Sabotaged Mallet splintering

-- ─── INVARIANT 3: OnLoadStatic → SpawnSharedBooth ──────
function OnLoadStatic()
    SpawnSharedBooth()
    local lx, ly, lz = SLOT_ID.l, SLOT_ID.y, SLOT_ID.z
    -- Fix: SpawnStaticBox called with 6 args
    local handle1 = MidwayPhysics.SpawnStaticBox(lx, ly, lz, 1.0, 1.0, 1.0)
    -- Fix: SpawnStaticCapsule called with 5 args
    local handle2 = MidwayPhysics.SpawnStaticCapsule(lx, ly, lz, 0.5, 1.0)
    -- Fix: SpawnSensorBox called with 6 args
    local handle3 = MidwayPhysics.SpawnSensorBox(lx, ly, lz, 0.5, 0.5, 0.5)
    tower_base = handle1
    -- Placeholder for other static handles
    mallet = nil
    puck = nil
    bell_sensor = handle3
    spring_kinematic = handle2
    rail_friction = nil
end

-- ─── INVARIANT 4: OnLoad → OnStep registration ─────────
function OnLoad()
    MidwayPhysics.OnStep(function(dt)
        -- Fix: Read modifiers locally inside callback
        local MOD = AttractionConstants.modifiers
        
        -- Reset state after swing cycle complete
        if IsSensorTriggered(bell_sensor) then
            bell_sensor = false -- Reset sensor flag (pseudo-flag logic)
            swing_cooldown = 0.0
            current_streak = 0
            if spring_kinematic then
                MidwayPhysics.SetFriction(rail_friction, 0.001) -- Fix: Use valid friction value
            end
        end
        
        if IsActionDown("fire") then
            local swing_force = 10.0 * mallet_integrity * (1.0 + MOD.nerve * 0.1)
            local friction = 0.5 * (1.0 + MOD.friction * 0.2)
            local puck_vel = GetVelocity(mallet) * (1.0 + MOD.mass * 0.5)
            ApplyImpulse(mallet, 0, swing_force, 0)
            AddLinearVelocity(puck, puck_vel.x, puck_vel.y, puck_vel.z)
            SetFriction(rail_friction, friction)
        end
        
        -- Fix: The Bell's Curse logic
        local bell_base_y = 4.0
        local CURSE_CHANCE = 0.005
        if rand() and rand() < CURSE_CHANCE then
            local offset = math.random(-1.0, 1.0)
            bell_height_offset = bell_height_offset + offset
        end
        if bell_sensor and spring_kinematic and bell_base_y then
            -- Fix: MoveKinematic called with 5 args (handle, lx, ly, lz, dt)
            local pos = spring_kinematic:GetPosition()
            MidwayPhysics.MoveKinematic(spring_kinematic, pos.x, pos.y + bell_height_offset, pos.z, 0.0, dt)
        end
        
        -- Fix: IsSensorTriggered called inside callback with handle
        if IsSensorTriggered(bell_sensor) then
            current_streak = current_streak + 1
        else
            current_streak = 0
        end
        
        -- Fix: Handle post-swing logic inside callback
        if IsSensorTriggered(bell_sensor) then
            local lx, ly, lz = MidwayPhysics.GetPosition(puck)
            local height = ly + bell_height_offset
            local streak = Engine.GetStreak()
            local tickets = math.floor(50 + (height * 10) * streak)
            Engine.AwardTickets(tickets, 'WIN')
            Engine.AwardTokens(height * 5, 'BONUS')
            current_streak = 0
            swing_cooldown = 0.0
        elseif swing_cooldown > 0 then
            swing_cooldown = swing_cooldown - 1.0
            if swing_cooldown <= 0 then
                bell_sensor = nil
            end
        end
    end)
end

-- ─── INVARIANT 5: OnUnload ─────────────────────────────
function OnUnload()
    if bell_sensor then
        MidwayPhysics.DestroyBody(bell_sensor)
        bell_sensor = nil
    end
    if spring_kinematic then
        MidwayPhysics.DestroyBody(spring_kinematic)
        spring_kinematic = nil
    end
    if mallet then
        MidwayPhysics.DestroyBody(mallet)
        mallet = nil
    end
    if puck then
        MidwayPhysics.DestroyBody(puck)
        puck = nil
    end
end
>>>>>>> REPLACE  [Telemetry] Lua (Fix cycle 2) (qwen3.5:9b)  TTFT: 63.32s | Speed: 5.0 tok/s (302 TPM) | Effective: 4.5 tok/s
  [10:37:54] [END] [Lua (Fix cycle 2)] Execution complete.
  [FuzzyPatch] DEBUG: Exact match failed  trying fuzzy (normalize+slide)...
  [FuzzyPatch] DEBUG: Fuzzy (normalize+slide) failed  trying normalized-content match...
  [FuzzyPatch] WARNING: No match found after all fallbacks. Search preview: '-- strongman.lua  —  Auto-generated by _build_skeleton.py -- EDIT: Replace place'
  [Anchor Fix] 🔀 task_10: converted full-file rewrite into a surgical diff patch.
  [Post-Process Fix #3] converted 12 to TODO pipeline artifact(s)
  [Post-Process Fix #11] Collapsed 8 prose comment-monologue line(s)
  [Post-Process Fix #1] Removed 3 duplicate function(s): OnLoad, OnLoadStatic, OnUnload
  [Post-Process Fix #6] Added MidwayPhysics. prefix to 8 call(s) (from 57 contract symbols)
  [Post-Process Fix #8] Commented out 1 phantom colon-call line(s)
  [Post-Process Fix #19] Auto-declared 3 read-before-write scalar(s): REPLACE, SEARCH, pos
  [Anchor Fix] ⚠ task_10: fix failed luac — keeping current file for arch-fix fallback.

============================================================
  Phase B: Deterministic Post-Processor
============================================================
  [Post-Process Fix #3]  pipeline artifact(s)
  [Post-Process Fix #3]  pipeline artifact(s)
  [Post-Process Fix #8] Commented out 4 phantom colon-call line(s)
  [Post-Process Fix #3]  pipeline artifact(s)
  [Post-Process Fix #3]  pipeline artifact(s)
  [Post-Process Fix #11] Collapsed 8 prose comment-monologue line(s)
  [Post-Process Fix #1] Removed 1 duplicate function(s): OnUnload
  [Post-Process Fix #6] Added MidwayPhysics. prefix to 17 call(s) (from 57 contract symbols)
  [Post-Process Fix #8] Commented out 4 phantom colon-call line(s)
  [Post-Process Fix #19] Auto-declared 3 read-before-write scalar(s): REPLACE, SEARCH, pos
  [Post-Process Fix #12] Removed 1 nested/duplicate OnStep registration(s)
  [Post-Process] Applied fixes to 5 Lua output(s)
  [Pre-Flight] ✅ SEARCH/REPLACE applied globally to attractions/strongman/strongman.lua via task_10
  [Post-Fix Preflight] ⚠ RuntimeSim still reports 5 error(s) after fix cycle 2.
  [Post-Fix Preflight] ⚠ Static guard still open after fix cycle 2  routing next review cycle with updated errors.

  [Review-Fix] Cycle 3/4
  [Review Budget] ✅ All 11 task(s) inlined (4474 chars/task budget).
  [Bridge Contract] ✅ Injected 3000 chars of approved API list into reviewer context.
  [Compile Gate] No CMakeCache.txt  skipping physical compilation check.
  [Review-Fix] Deterministic verdict: FAIL.
  [Review-Fix] Verdict: FAIL
  [Review-Fix] Review failed  routing critiques to original domain agents...
    Routing critique for task_9 to Lua
  [Adaptive ctx] Input ~4397 tok → KV cache pinned at 32768 (stable allocation, no resize).

============================================================
  [10:37:56] [START] [Lua (Fix cycle 3)] Calling Ollama (qwen3.5:9b)...
  [VRAM Guard] num_ctx=32768, user=7361 chars
============================================================
  [Stable ctx] num_ctx=32768 (pinned to model ceiling)

============================================================
  [10:37:56] [START] [Lua (Fix cycle 3)] Calling Ollama (qwen3.5:9b) [STREAMING]...
============================================================
  [MemGPT] Context store initialised (session=f4661e88b001)
<fix-plan>
Errors 1-3: `SpawnStaticBox` (7 args), `SpawnStaticCapsule` (6 args), `SpawnSensorBox` (7 args). Fix: Reduce arg counts to 6, 5, and 6 respectively based on API specs.
Error 4: `MoveKinematic` (0 args). Fix: Call with required 5 args (handle, lx, ly, lz, dt).
Error 5: `IsSensorTriggered` (nil call). Fix: Ensure handle is passed correctly or remove call if logic implies direct sensor state check; however, API requires handle. I will assume the original code passed `bell_sensor_handle` but used wrong name or logic. I will define the handle correctly in the search block and pass it.
</fix-plan>

<<<<<<< SEARCH
    local bell_sensor = MidwayPhysics.SpawnStaticBox(1, 0, 1, 1, 1, 1, "bell_sensor_id")
    local bell_pivot = MidwayPhysics.SpawnStaticCapsule(1, 0, 1, 0.5, 0.5)
    local bell_trigger = MidwayPhysics.SpawnSensorBox(1, 2, 1, 1, 1, 1, "bell_trigger_id")
    
    -- Broken logic attempting to teleport
    MidwayPhysics.MoveKinematic()
=======
    local bell_sensor = MidwayPhysics.SpawnStaticBox(1, 0, 1, 1, 1, 1)
    local bell_pivot = MidwayPhysics.SpawnStaticCapsule(1, 0, 1, 0.5, 0.5)
    local bell_trigger = MidwayPhysics.SpawnSensorBox(1, 2, 1, 1, 1, 1)
    bell_sensor_handle = bell_sensor
    
    -- Broken logic attempting to teleport
    MidwayPhysics.MoveKinematic(bell_sensor_handle, 1, 0, 1, 1)
>>>>>>> REPLACE  [Telemetry] Lua (Fix cycle 3) (qwen3.5:9b)  TTFT: 39.44s | Speed: 5.5 tok/s (332 TPM) | Effective: 3.5 tok/s
  [10:39:42] [END] [Lua (Fix cycle 3)] Execution complete.
  [FuzzyPatch] DEBUG: Exact match failed  trying fuzzy (normalize+slide)...
  [FuzzyPatch] DEBUG: Fuzzy (normalize+slide) failed  trying normalized-content match...
  [FuzzyPatch] WARNING: No match found after all fallbacks. Search preview: '    local bell_sensor = MidwayPhysics.SpawnStaticBox(1, 0, 1, 1, 1, 1, "bell_sen'
  [Anchor Fix] ⚠ task_9: 1 SEARCH block(s) emitted but none matched attractions/strongman/strongman.lua — keeping file.

============================================================
  Phase B: Deterministic Post-Processor
============================================================
  [Post-Process Fix #8] Commented out 4 phantom colon-call line(s)
  [Post-Process Fix #3]  pipeline artifact(s)
  [Post-Process Fix #20] Localized 1 leaked global assignment(s): bell_sensor_handle
  [Post-Process Fix #19] Auto-declared 2 read-before-write scalar(s): REPLACE, SEARCH
  [Post-Process Fix #3]  pipeline artifact(s)
  [Post-Process Fix #8] Commented out 1 phantom colon-call line(s)
  [Post-Process Fix #19] Auto-declared 1 read-before-write scalar(s): dt
  [Post-Process] Applied fixes to 4 Lua output(s)
  [Pre-Flight] ✅ SEARCH/REPLACE applied globally to attractions/strongman/strongman.lua via task_9
  [Post-Fix Preflight] ⚠ RuntimeSim still reports 5 error(s) after fix cycle 3.
  [Post-Fix Preflight] ⚠ Static guard still open after fix cycle 3  routing next review cycle with updated errors.

  [Review-Fix] Cycle 4/4
  [Review Budget] ✅ All 11 task(s) inlined (4474 chars/task budget).
  [Bridge Contract] ✅ Injected 3000 chars of approved API list into reviewer context.
  [Compile Gate] No CMakeCache.txt  skipping physical compilation check.
  [Review-Fix] Deterministic verdict: FAIL.
  [Review-Fix] Verdict: FAIL

==================================================
  🔍 RECONCILIATION GATE  Active Rule Auditor
==================================================
  Tribunal struggled to reach consensus after 4 cycles.

  [Tribunal Debate] Round 1/3
  [Adaptive ctx] Input ~2985 tok → KV cache pinned at 32768 (stable allocation, no resize).

============================================================
  [10:39:43] [START] [Tribunal Debate R1] Calling Ollama (qwen3.5:9b)...
  [VRAM Guard] num_ctx=32768, user=8371 chars
============================================================
  [Stable ctx] num_ctx=32768 (pinned to model ceiling)

============================================================
  [10:39:43] [START] [Tribunal Debate R1] Calling Ollama (qwen3.5:9b) [STREAMING]...
============================================================
  [MemGPT] Context store initialised (session=b180e9a97b8d)
[REJECT:Tribunal:Implementation contains critical argument count mismatches and logic violations.]

**OBJECTIONS:**

1.  **[Runtime Error] `MidwayPhysics.SpawnStaticBox` called with 7 arguments.**
    *   *Location:* `OnLoadStatic` (Line ~42) and `OnLoad` (implied duplicate call or state reset).
    *   *Defect:* The call `MidwayPhysics.SpawnStaticBox(tower_base, 0.0, 0.0, -10.0, 2.0, 2.0, 40.0)` passes **7** arguments. The API expects **6** (Handle, PosX, PosY, PosZ, SizeX, SizeY). The Z-size (40.0) is being passed as a 7th argument, or the Handle is counting as one of the geometry args incorrectly. Assuming standard signature `(handle, x, y, z, w, h, d)` is invalid, but the error explicitly says "expected 6". The call likely includes `tower_base` + 6 numbers = 7 args. It must be reduced to `(handle, x, y, z, sizeX, sizeY)` if the 6th arg covers the relevant dimension, or the handle is being counted differently. *Correction:* Looking at `SpawnStaticCapsule` below, it takes 6 args. `SpawnStaticBox` usually takes `(handle, x, y, z, w, h)`. The provided code has `tower_base`, `0.0`, `0.0`, `-10.0` (Pos), `2.0`, `2.0` (Size XY), `40.0` (Size Z). That is 7 args. If the API is strict 6-arg (e.g., ignoring Z-size for boxes or using a different signature), this breaks. **Fix:** Remove the 7th argument or check the specific API signature for `SpawnStaticBox` in this engine version. Given the error "expected 6", we must assume the signature is `(handle, x, y, z, w, h)` and the Z-size is extraneous, or the handle is not counted in the "6 expected". **Action:** Remove the 7th argument `40.0` OR verify if the API accepts Z-size. If the error says expected 6, and we have 7, remove the last one unless Z-size is required for a box (unlikely for 6-arg capsule/box mismatch). *Wait*, looking at `SpawnStaticCapsule` below (6 args), it seems Box and Capsule share a 6-arg limit in this specific broken API. **Fix:** Remove the 7th argument.

2.  **[Runtime Error] `MidwayPhysics.SpawnStaticCapsule` called with 6 arguments.**
    *   *Location:* `OnLoadStatic` (Line ~47).
    *   *Defect:* `MidwayPhysics.SpawnStaticCapsule(bell_sensor, 0.0, 0.0, 15.0, 0.5, 1.5)` passes **6** arguments. The error says "expected 5".
    *   *Analysis:* The arguments are `(Handle, X, Y, Z, Radius, Height)`. This is 6 args. The error states expected 5. This implies the Handle is NOT counted, or the API signature is `(x, y, z, radius, height)` without requiring the handle to be passed to a `Spawn` function (or the handle is  [Telemetry] Tribunal Debate R1 (qwen3.5:9b)  TTFT: 35.06s | Speed: 6.0 tok/s (358 TPM) | Effective: 4.6 tok/s
  [10:42:18] [END] [Tribunal Debate R1] Execution complete.
  [Tribunal Debate] Tribunal (2523 chars): '[REJECT:Tribunal:Implementation contains critical argument count mismatches and logic violations.]\n\n**OBJECTIONS:**\n\n1.  **[Runtime Error] `MidwayPhysics.SpawnStaticBox` called with 7 arguments.**\n    *   *Location:* `OnLoadStatic` (Line ~4'
  [Adaptive ctx] Input ~3439 tok → KV cache pinned at 32768 (stable allocation, no resize).

============================================================
  [10:42:18] [START] [Tribunal Debate — Coder Response] Calling Ollama (qwen3.5:9b)...
  [VRAM Guard] num_ctx=32768, user=9567 chars
============================================================
  [Stable ctx] num_ctx=32768 (pinned to model ceiling)

============================================================
  [10:42:18] [START] [Tribunal Debate — Coder Response] Calling Ollama (qwen3.5:9b) [STREAMING]...
============================================================
  [MemGPT] Context store initialised (session=223c2da82a03)
<<<<<<< SEARCH
  MidwayPhysics.SpawnStaticBox(
      tower_base,
      0.0, 0.0, -10.0,
      2.0, 2.0, 40.0
  )
=======
  MidwayPhysics.SpawnStaticBox(
      tower_base,
      0.0, 0.0, -10.0,
      2.0, 2.0
  )
>>>>>>> REPLACE

<<<<<<< SEARCH
  MidwayPhysics.SpawnStaticCapsule(
      bell_sensor,
      0.0, 0.0, 15.0,
      0.5, 1.5
  )
=======
  MidwayPhysics.SpawnStaticCapsule(
      bell_sensor,
      0.0, 0.0, 15.0,
      0.5
  )
>>>>>>> REPLACE  [Telemetry] Tribunal Debate — Coder Response (qwen3.5:9b)  TTFT: 41.08s | Speed: 5.4 tok/s (321 TPM) | Effective: 2.1 tok/s
  [10:43:26] [END] [Tribunal Debate — Coder Response] Execution complete.
  [FuzzyPatch] DEBUG: Exact match succeeded.
  [FuzzyPatch] DEBUG: Exact match succeeded.
  [Tribunal Debate] ✅ Coder applied 2 surgical patch(es).
  [Tribunal Debate] Coder revised; deterministic verdict still FAILs — next round.

  [Tribunal Debate] Round 2/3
  [Adaptive ctx] Input ~2908 tok → KV cache pinned at 32768 (stable allocation, no resize).

============================================================
  [10:43:26] [START] [Tribunal Debate R2] Calling Ollama (qwen3.5:9b)...
  [VRAM Guard] num_ctx=32768, user=8140 chars
============================================================
  [Stable ctx] num_ctx=32768 (pinned to model ceiling)

============================================================
  [10:43:26] [START] [Tribunal Debate R2] Calling Ollama (qwen3.5:9b) [STREAMING]...
============================================================
